,Comunidad/Provincia,Total,"V_Menos de 0,25","V_Entre 0,25 y 0,5","V_Entre 0,5 y 1",V_Entre 1 y 2,V_Entre 2 y 5,V_Entre 5 y 10,V_10 o mas,SD,Filename
0,Andalucía,120,34,21,12,13,3,4,0,33,2021_1T.xlsx
1,Almería,8,4,1,0,0,0,1,0,2,2021_1T.xlsx
2,Cádiz,11,3,1,0,1,0,0,0,6,2021_1T.xlsx
3,Córdoba,12,3,4,1,0,1,0,0,3,2021_1T.xlsx
4,Granada,6,2,1,3,0,0,0,0,0,2021_1T.xlsx
5,Huelva,4,2,0,0,1,0,1,0,0,2021_1T.xlsx
6,Jaén,7,2,1,1,0,0,0,0,3,2021_1T.xlsx
7,Málaga,38,9,8,6,8,1,1,0,5,2021_1T.xlsx
8,Sevilla,34,9,5,1,3,1,1,0,14,2021_1T.xlsx
9,Aragón,56,19,5,8,5,2,1,0,16,2021_1T.xlsx
10,Huesca,9,1,0,2,0,0,1,0,5,2021_1T.xlsx
11,Teruel,4,0,1,1,0,0,0,0,2,2021_1T.xlsx
12,Zaragoza,43,18,4,5,5,2,0,0,9,2021_1T.xlsx
13,Asturias,28,15,4,2,1,1,0,0,5,2021_1T.xlsx
14,"Balears, Illes",49,16,12,5,2,2,0,0,12,2021_1T.xlsx
15,Canarias,38,12,8,4,3,0,0,0,11,2021_1T.xlsx
16,Las Palmas de Gran Canaria,29,9,7,4,1,0,0,0,8,2021_1T.xlsx
17,Santa Cruz de Tenerife,9,3,1,0,2,0,0,0,3,2021_1T.xlsx
18,Cantabria,11,6,0,2,0,0,0,0,3,2021_1T.xlsx
19,Castilla y León,41,15,9,6,2,0,0,0,9,2021_1T.xlsx
20,Ávila,4,1,1,1,0,0,0,0,1,2021_1T.xlsx
21,Burgos,3,1,2,0,0,0,0,0,0,2021_1T.xlsx
22,León,7,2,1,2,0,0,0,0,2,2021_1T.xlsx
23,Palencia,2,1,1,0,0,0,0,0,0,2021_1T.xlsx
24,Salamanca,6,1,1,1,2,0,0,0,1,2021_1T.xlsx
25,Segovia,3,1,1,0,0,0,0,0,1,2021_1T.xlsx
26,Soria,3,1,0,0,0,0,0,0,2,2021_1T.xlsx
27,Valladolid,10,6,1,2,0,0,0,0,1,2021_1T.xlsx
28,Zamora,3,1,1,0,0,0,0,0,1,2021_1T.xlsx
29,Castilla-La Mancha,35,14,2,4,4,1,0,0,10,2021_1T.xlsx
30,Albacete,12,6,2,0,1,0,0,0,3,2021_1T.xlsx
31,Ciudad Real,3,1,0,0,1,0,0,0,1,2021_1T.xlsx
32,Cuenca,2,1,0,0,0,0,0,0,1,2021_1T.xlsx
33,Guadalajara,3,2,0,0,0,0,0,0,1,2021_1T.xlsx
34,Toledo,15,4,0,4,2,1,0,0,4,2021_1T.xlsx
35,Cataluña,401,105,47,48,27,19,4,0,151,2021_1T.xlsx
36,Barcelona,355,93,38,41,25,18,4,0,136,2021_1T.xlsx
37,Girona,22,6,4,4,2,0,0,0,6,2021_1T.xlsx
38,Lleida,6,2,1,2,0,0,0,0,1,2021_1T.xlsx
39,Tarragona,18,4,4,1,0,1,0,0,8,2021_1T.xlsx
40,Comunitat Valenciana,227,77,35,27,16,11,2,0,59,2021_1T.xlsx
41,Alicante,64,23,6,12,9,5,0,0,9,2021_1T.xlsx
42,Castellón,18,8,3,1,1,1,0,0,4,2021_1T.xlsx
43,Valencia,145,46,26,14,6,5,2,0,46,2021_1T.xlsx
44,Extremadura,10,2,1,1,0,1,0,0,5,2021_1T.xlsx
45,Badajoz,8,1,1,1,0,1,0,0,4,2021_1T.xlsx
46,Cáceres,2,1,0,0,0,0,0,0,1,2021_1T.xlsx
47,Galicia,57,25,8,10,4,0,0,0,10,2021_1T.xlsx
48,A Coruña,24,8,7,6,0,0,0,0,3,2021_1T.xlsx
49,Lugo,12,4,1,1,2,0,0,0,4,2021_1T.xlsx
50,Ourense,4,3,0,0,0,0,0,0,1,2021_1T.xlsx
51,Pontevedra,17,10,0,3,2,0,0,0,2,2021_1T.xlsx
52,Madrid,270,84,41,21,20,4,1,0,99,2021_1T.xlsx
53,Murcia,20,6,4,1,2,2,1,0,4,2021_1T.xlsx
54,Navarra,6,2,1,1,1,0,0,0,1,2021_1T.xlsx
55,Pais Vasco,95,36,12,8,10,8,0,0,21,2021_1T.xlsx
56,Araba/Álava,7,3,0,1,1,0,0,0,2,2021_1T.xlsx
57,Bizkaia,64,23,10,4,5,7,0,0,15,2021_1T.xlsx
58,Gipuzkoa,24,10,2,3,4,1,0,0,4,2021_1T.xlsx
59,La Rioja,5,2,2,0,0,0,0,0,1,2021_1T.xlsx
60,Ceuta y Melilla,1,0,0,0,0,0,0,0,1,2021_1T.xlsx
61,Ceuta,0,0,0,0,0,0,0,0,0,2021_1T.xlsx
62,Melilla,1,0,0,0,0,0,0,0,1,2021_1T.xlsx
63,Andalucía,103,36,14,15,7,7,3,0,21,2021_2T.xlsx
64,Almería,10,5,0,1,0,0,2,0,2,2021_2T.xlsx
65,Cádiz,11,4,0,1,0,0,0,0,6,2021_2T.xlsx
66,Córdoba,5,1,2,1,0,0,0,0,1,2021_2T.xlsx
67,Granada,13,4,1,5,0,1,0,0,2,2021_2T.xlsx
68,Huelva,8,3,1,1,0,0,0,0,3,2021_2T.xlsx
69,Jaén,2,1,0,0,1,0,0,0,0,2021_2T.xlsx
70,Málaga,22,6,4,2,4,3,1,0,2,2021_2T.xlsx
71,Sevilla,32,12,6,4,2,3,0,0,5,2021_2T.xlsx
72,Aragón,38,13,6,5,2,3,1,0,8,2021_2T.xlsx
73,Huesca,7,2,2,1,0,1,0,0,1,2021_2T.xlsx
74,Teruel,5,2,1,0,0,0,0,0,2,2021_2T.xlsx
75,Zaragoza,26,9,3,4,2,2,1,0,5,2021_2T.xlsx
76,Asturias,25,7,4,6,1,2,1,0,4,2021_2T.xlsx
77,"Balears, Illes",30,10,5,3,3,3,1,0,5,2021_2T.xlsx
78,Canarias,31,8,1,10,2,2,0,0,8,2021_2T.xlsx
79,Las Palmas de Gran Canaria,17,4,0,7,1,2,0,0,3,2021_2T.xlsx
80,Santa Cruz de Tenerife,14,4,1,3,1,0,0,0,5,2021_2T.xlsx
81,Cantabria,10,4,0,1,0,0,0,0,5,2021_2T.xlsx
82,Castilla y León,39,15,10,2,0,3,0,0,9,2021_2T.xlsx
83,Ávila,2,2,0,0,0,0,0,0,0,2021_2T.xlsx
84,Burgos,9,4,2,1,0,0,0,0,2,2021_2T.xlsx
85,León,3,1,1,0,0,0,0,0,1,2021_2T.xlsx
86,Palencia,4,1,1,0,0,1,0,0,1,2021_2T.xlsx
87,Salamanca,4,2,2,0,0,0,0,0,0,2021_2T.xlsx
88,Segovia,1,1,0,0,0,0,0,0,0,2021_2T.xlsx
89,Soria,2,1,0,0,0,0,0,0,1,2021_2T.xlsx
90,Valladolid,10,2,2,0,0,2,0,0,4,2021_2T.xlsx
91,Zamora,4,1,2,1,0,0,0,0,0,2021_2T.xlsx
92,Castilla-La Mancha,31,15,4,2,0,2,0,0,8,2021_2T.xlsx
93,Albacete,8,6,0,0,0,0,0,0,2,2021_2T.xlsx
94,Ciudad Real,4,2,0,0,0,0,0,0,2,2021_2T.xlsx
95,Cuenca,3,2,0,1,0,0,0,0,0,2021_2T.xlsx
96,Guadalajara,4,2,0,0,0,1,0,0,1,2021_2T.xlsx
97,Toledo,12,3,4,1,0,1,0,0,3,2021_2T.xlsx
98,Cataluña,331,115,36,55,20,10,4,0,91,2021_2T.xlsx
99,Barcelona,274,98,33,44,16,8,4,0,71,2021_2T.xlsx
100,Girona,22,7,1,5,3,2,0,0,4,2021_2T.xlsx
101,Lleida,9,2,0,2,1,0,0,0,4,2021_2T.xlsx
102,Tarragona,26,8,2,4,0,0,0,0,12,2021_2T.xlsx
103,Comunitat Valenciana,176,68,24,22,11,6,3,0,42,2021_2T.xlsx
104,Alicante,54,18,10,10,4,3,1,0,8,2021_2T.xlsx
105,Castellón,11,5,1,2,0,0,0,0,3,2021_2T.xlsx
106,Valencia,111,45,13,10,7,3,2,0,31,2021_2T.xlsx
107,Extremadura,13,3,3,3,1,0,0,0,3,2021_2T.xlsx
108,Badajoz,9,2,3,2,1,0,0,0,1,2021_2T.xlsx
109,Cáceres,4,1,0,1,0,0,0,0,2,2021_2T.xlsx
110,Galicia,48,17,5,13,4,2,0,0,7,2021_2T.xlsx
111,A Coruña,17,4,2,7,2,2,0,0,0,2021_2T.xlsx
112,Lugo,6,2,0,2,1,0,0,0,1,2021_2T.xlsx
113,Ourense,4,3,0,0,0,0,0,0,1,2021_2T.xlsx
114,Pontevedra,21,8,3,4,1,0,0,0,5,2021_2T.xlsx
115,Madrid,345,152,44,40,15,16,2,0,76,2021_2T.xlsx
116,Murcia,25,9,2,3,2,3,0,0,6,2021_2T.xlsx
117,Navarra,7,2,1,1,0,1,0,0,2,2021_2T.xlsx
118,Pais Vasco,66,25,8,9,4,5,2,0,13,2021_2T.xlsx
119,Araba/Álava,10,4,2,1,1,0,0,0,2,2021_2T.xlsx
120,Bizkaia,32,12,1,3,0,4,2,0,10,2021_2T.xlsx
121,Gipuzkoa,24,9,5,5,3,1,0,0,1,2021_2T.xlsx
122,La Rioja,5,2,1,0,0,0,0,0,2,2021_2T.xlsx
123,Ceuta y Melilla,0,0,0,0,0,0,0,0,0,2021_2T.xlsx
124,Ceuta,0,0,0,0,0,0,0,0,0,2021_2T.xlsx
125,Melilla,0,0,0,0,0,0,0,0,0,2021_2T.xlsx
126,Andalucía,75,33,12,5,6,1,1,0,17,2021_3T.xlsx
127,Almería,10,5,1,0,1,0,0,0,3,2021_3T.xlsx
128,Cádiz,6,0,0,0,0,0,0,0,6,2021_3T.xlsx
129,Córdoba,6,3,2,0,0,0,1,0,0,2021_3T.xlsx
130,Granada,5,2,2,0,0,0,0,0,1,2021_3T.xlsx
131,Huelva,4,2,1,0,0,0,0,0,1,2021_3T.xlsx
132,Jaén,3,1,1,0,1,0,0,0,0,2021_3T.xlsx
133,Málaga,19,10,3,2,1,0,0,0,3,2021_3T.xlsx
134,Sevilla,22,10,2,3,3,1,0,0,3,2021_3T.xlsx
135,Aragón,28,11,7,2,3,0,0,0,5,2021_3T.xlsx
136,Huesca,1,0,1,0,0,0,0,0,0,2021_3T.xlsx
137,Teruel,1,1,0,0,0,0,0,0,0,2021_3T.xlsx
138,Zaragoza,26,10,6,2,3,0,0,0,5,2021_3T.xlsx
139,Asturias,10,5,1,0,1,0,0,0,3,2021_3T.xlsx
140,"Balears, Illes",21,9,3,0,0,0,0,0,9,2021_3T.xlsx
141,Canarias,29,13,4,2,0,0,1,0,9,2021_3T.xlsx
142,Las Palmas de Gran Canaria,20,7,4,1,0,0,1,0,7,2021_3T.xlsx
143,Santa Cruz de Tenerife,9,6,0,1,0,0,0,0,2,2021_3T.xlsx
144,Cantabria,4,1,1,1,0,0,0,0,1,2021_3T.xlsx
145,Castilla y León,34,20,2,4,0,2,0,0,6,2021_3T.xlsx
146,Ávila,1,1,0,0,0,0,0,0,0,2021_3T.xlsx
147,Burgos,3,2,1,0,0,0,0,0,0,2021_3T.xlsx
148,León,4,2,0,0,0,0,0,0,2,2021_3T.xlsx
149,Palencia,3,1,0,0,0,1,0,0,1,2021_3T.xlsx
150,Salamanca,6,4,1,0,0,1,0,0,0,2021_3T.xlsx
151,Segovia,1,1,0,0,0,0,0,0,0,2021_3T.xlsx
152,Soria,1,1,0,0,0,0,0,0,0,2021_3T.xlsx
153,Valladolid,15,8,0,4,0,0,0,0,3,2021_3T.xlsx
154,Zamora,0,0,0,0,0,0,0,0,0,2021_3T.xlsx
155,Castilla-La Mancha,37,15,5,3,3,2,1,0,8,2021_3T.xlsx
156,Albacete,6,3,1,1,1,0,0,0,0,2021_3T.xlsx
157,Ciudad Real,7,2,2,0,0,0,0,0,3,2021_3T.xlsx
158,Cuenca,6,4,0,0,1,0,0,0,1,2021_3T.xlsx
159,Guadalajara,4,1,1,1,0,0,0,0,1,2021_3T.xlsx
160,Toledo,14,5,1,1,1,2,1,0,3,2021_3T.xlsx
161,Cataluña,237,106,32,22,12,8,1,0,56,2021_3T.xlsx
162,Barcelona,198,88,27,21,8,7,1,0,46,2021_3T.xlsx
163,Girona,17,8,1,0,1,0,0,0,7,2021_3T.xlsx
164,Lleida,11,5,2,0,2,0,0,0,2,2021_3T.xlsx
165,Tarragona,11,5,2,1,1,1,0,0,1,2021_3T.xlsx
166,Comunitat Valenciana,146,62,24,12,10,7,1,0,30,2021_3T.xlsx
167,Alicante,44,18,8,3,3,4,0,0,8,2021_3T.xlsx
168,Castellón,20,10,2,2,1,0,0,0,5,2021_3T.xlsx
169,Valencia,82,34,14,7,6,3,1,0,17,2021_3T.xlsx
170,Extremadura,8,3,0,1,1,0,0,0,3,2021_3T.xlsx
171,Badajoz,5,3,0,1,1,0,0,0,0,2021_3T.xlsx
172,Cáceres,3,0,0,0,0,0,0,0,3,2021_3T.xlsx
173,Galicia,39,16,7,6,3,1,0,0,6,2021_3T.xlsx
174,A Coruña,15,4,3,4,2,1,0,0,1,2021_3T.xlsx
175,Lugo,7,6,1,0,0,0,0,0,0,2021_3T.xlsx
176,Ourense,3,1,1,1,0,0,0,0,0,2021_3T.xlsx
177,Pontevedra,14,5,2,1,1,0,0,0,5,2021_3T.xlsx
178,Madrid,205,94,29,21,9,7,0,0,45,2021_3T.xlsx
179,Murcia,16,10,1,3,1,1,0,0,0,2021_3T.xlsx
180,Navarra,6,2,1,2,0,1,0,0,0,2021_3T.xlsx
181,Pais Vasco,51,25,9,9,1,2,1,0,4,2021_3T.xlsx
182,Araba/Álava,5,2,2,1,0,0,0,0,0,2021_3T.xlsx
183,Bizkaia,22,13,3,3,1,0,0,0,2,2021_3T.xlsx
184,Gipuzkoa,24,10,4,5,0,2,1,0,2,2021_3T.xlsx
185,La Rioja,7,4,0,0,0,0,0,0,3,2021_3T.xlsx
186,Ceuta y Melilla,1,1,0,0,0,0,0,0,0,2021_3T.xlsx
187,Ceuta,1,1,0,0,0,0,0,0,0,2021_3T.xlsx
188,Melilla,0,0,0,0,0,0,0,0,0,2021_3T.xlsx
189,Andalucía,116,55,11,15,5,3,0,0,27,2021_4T.xlsx
190,Almería,12,5,3,3,0,0,0,0,1,2021_4T.xlsx
191,Cádiz,24,11,1,3,0,0,0,0,9,2021_4T.xlsx
192,Córdoba,10,5,0,2,0,1,0,0,2,2021_4T.xlsx
193,Granada,9,6,0,0,1,1,0,0,1,2021_4T.xlsx
194,Huelva,5,4,0,0,0,0,0,0,1,2021_4T.xlsx
195,Jaén,8,5,0,0,1,0,0,0,2,2021_4T.xlsx
196,Málaga,17,5,4,3,1,0,0,0,4,2021_4T.xlsx
197,Sevilla,31,14,3,4,2,1,0,0,7,2021_4T.xlsx
198,Aragón,33,17,5,3,3,0,1,0,4,2021_4T.xlsx
199,Huesca,5,1,0,1,2,0,1,0,0,2021_4T.xlsx
200,Teruel,6,2,1,1,0,0,0,0,2,2021_4T.xlsx
201,Zaragoza,22,14,4,1,1,0,0,0,2,2021_4T.xlsx
202,Asturias,19,10,1,3,0,0,1,0,4,2021_4T.xlsx
203,"Balears, Illes",16,4,3,3,1,1,0,0,4,2021_4T.xlsx
204,Canarias,27,11,3,2,1,1,0,0,9,2021_4T.xlsx
205,Las Palmas de Gran Canaria,17,5,2,1,1,0,0,0,8,2021_4T.xlsx
206,Santa Cruz de Tenerife,10,6,1,1,0,1,0,0,1,2021_4T.xlsx
207,Cantabria,11,4,2,4,0,0,0,0,1,2021_4T.xlsx
208,Castilla y León,26,14,5,1,3,0,0,0,3,2021_4T.xlsx
209,Ávila,2,1,1,0,0,0,0,0,0,2021_4T.xlsx
210,Burgos,5,2,1,0,1,0,0,0,1,2021_4T.xlsx
211,León,5,2,1,0,1,0,0,0,1,2021_4T.xlsx
212,Palencia,2,0,1,0,1,0,0,0,0,2021_4T.xlsx
213,Salamanca,2,1,0,0,0,0,0,0,1,2021_4T.xlsx
214,Segovia,1,0,0,1,0,0,0,0,0,2021_4T.xlsx
215,Soria,2,1,1,0,0,0,0,0,0,2021_4T.xlsx
216,Valladolid,7,7,0,0,0,0,0,0,0,2021_4T.xlsx
217,Zamora,0,0,0,0,0,0,0,0,0,2021_4T.xlsx
218,Castilla-La Mancha,32,15,2,1,2,2,0,0,10,2021_4T.xlsx
219,Albacete,8,3,0,1,1,1,0,0,2,2021_4T.xlsx
220,Ciudad Real,6,3,1,0,1,1,0,0,0,2021_4T.xlsx
221,Cuenca,2,1,0,0,0,0,0,0,1,2021_4T.xlsx
222,Guadalajara,3,2,0,0,0,0,0,0,1,2021_4T.xlsx
223,Toledo,13,6,1,0,0,0,0,0,6,2021_4T.xlsx
224,Cataluña,278,128,34,31,9,9,2,0,65,2021_4T.xlsx
225,Barcelona,242,109,30,24,8,8,2,0,61,2021_4T.xlsx
226,Girona,16,7,3,4,1,1,0,0,0,2021_4T.xlsx
227,Lleida,8,6,0,1,0,0,0,0,1,2021_4T.xlsx
228,Tarragona,12,6,1,2,0,0,0,0,3,2021_4T.xlsx
229,Comunitat Valenciana,175,84,20,17,7,5,4,0,38,2021_4T.xlsx
230,Alicante,53,18,9,6,3,1,3,0,13,2021_4T.xlsx
231,Castellón,27,18,0,3,1,1,0,0,4,2021_4T.xlsx
232,Valencia,95,48,11,8,3,3,1,0,21,2021_4T.xlsx
233,Extremadura,16,5,1,0,3,1,0,0,6,2021_4T.xlsx
234,Badajoz,10,2,1,0,2,0,0,0,5,2021_4T.xlsx
235,Cáceres,6,3,0,0,1,1,0,0,1,2021_4T.xlsx
236,Galicia,43,24,3,8,2,1,0,0,5,2021_4T.xlsx
237,A Coruña,23,14,3,3,0,0,0,0,3,2021_4T.xlsx
238,Lugo,8,5,0,2,0,0,0,0,1,2021_4T.xlsx
239,Ourense,3,1,0,1,0,0,0,0,1,2021_4T.xlsx
240,Pontevedra,9,4,0,2,2,1,0,0,0,2021_4T.xlsx
241,Madrid,264,129,36,27,9,6,1,1,55,2021_4T.xlsx
242,Murcia,17,7,2,2,1,2,0,0,3,2021_4T.xlsx
243,Navarra,13,7,2,0,0,2,0,0,2,2021_4T.xlsx
244,Pais Vasco,63,29,11,12,4,1,1,0,5,2021_4T.xlsx
245,Araba/Álava,6,2,0,2,2,0,0,0,0,2021_4T.xlsx
246,Bizkaia,42,23,5,7,2,0,1,0,4,2021_4T.xlsx
247,Gipuzkoa,15,4,6,3,0,1,0,0,1,2021_4T.xlsx
248,La Rioja,0,0,0,0,0,0,0,0,0,2021_4T.xlsx
249,Ceuta y Melilla,1,1,0,0,0,0,0,0,0,2021_4T.xlsx
250,Ceuta,0,0,0,0,0,0,0,0,0,2021_4T.xlsx
251,Melilla,1,1,0,0,0,0,0,0,0,2021_4T.xlsx
252,Andalucía,109,54,14,5,3,5,1,1,26,2022_1T.xlsx
253,Almería,8,5,1,0,0,1,0,0,1,2022_1T.xlsx
254,Cádiz,12,7,0,1,0,1,0,0,3,2022_1T.xlsx
255,Córdoba,8,5,1,1,0,0,0,0,1,2022_1T.xlsx
256,Granada,12,4,0,1,1,1,1,1,3,2022_1T.xlsx
257,Huelva,7,2,1,0,0,1,0,0,3,2022_1T.xlsx
258,Jaén,1,1,0,0,0,0,0,0,0,2022_1T.xlsx
259,Málaga,25,12,8,1,1,0,0,0,3,2022_1T.xlsx
260,Sevilla,36,18,3,1,1,1,0,0,12,2022_1T.xlsx
261,Aragón,48,16,8,6,5,2,0,0,11,2022_1T.xlsx
262,Huesca,4,1,0,0,1,1,0,0,1,2022_1T.xlsx
263,Teruel,3,1,0,0,1,0,0,0,1,2022_1T.xlsx
264,Zaragoza,41,14,8,6,3,1,0,0,9,2022_1T.xlsx
265,Asturias,23,8,3,5,1,1,0,0,5,2022_1T.xlsx
266,"Balears, Illes",34,17,1,5,6,0,0,0,5,2022_1T.xlsx
267,Canarias,28,13,0,1,0,0,0,0,14,2022_1T.xlsx
268,Las Palmas de Gran Canaria,17,9,0,1,0,0,0,0,7,2022_1T.xlsx
269,Santa Cruz de Tenerife,11,4,0,0,0,0,0,0,7,2022_1T.xlsx
270,Cantabria,20,10,2,1,0,2,0,0,5,2022_1T.xlsx
271,Castilla y León,22,6,5,0,2,1,0,0,8,2022_1T.xlsx
272,Ávila,1,0,0,0,1,0,0,0,0,2022_1T.xlsx
273,Burgos,6,1,4,0,0,1,0,0,0,2022_1T.xlsx
274,León,2,1,0,0,0,0,0,0,1,2022_1T.xlsx
275,Palencia,1,0,0,0,0,0,0,0,1,2022_1T.xlsx
276,Salamanca,2,0,1,0,0,0,0,0,1,2022_1T.xlsx
277,Segovia,2,1,0,0,0,0,0,0,1,2022_1T.xlsx
278,Soria,2,0,0,0,0,0,0,0,2,2022_1T.xlsx
279,Valladolid,6,3,0,0,1,0,0,0,2,2022_1T.xlsx
280,Zamora,0,0,0,0,0,0,0,0,0,2022_1T.xlsx
281,Castilla-La Mancha,37,14,3,2,3,0,0,0,15,2022_1T.xlsx
282,Albacete,10,7,0,1,1,0,0,0,1,2022_1T.xlsx
283,Ciudad Real,5,4,0,0,0,0,0,0,1,2022_1T.xlsx
284,Cuenca,6,1,1,0,1,0,0,0,3,2022_1T.xlsx
285,Guadalajara,3,1,1,0,0,0,0,0,1,2022_1T.xlsx
286,Toledo,13,1,1,1,1,0,0,0,9,2022_1T.xlsx
287,Cataluña,320,141,36,23,13,8,1,1,97,2022_1T.xlsx
288,Barcelona,275,123,31,21,8,7,1,1,83,2022_1T.xlsx
289,Girona,25,7,3,2,3,1,0,0,9,2022_1T.xlsx
290,Lleida,15,8,2,0,1,0,0,0,4,2022_1T.xlsx
291,Tarragona,5,3,0,0,1,0,0,0,1,2022_1T.xlsx
292,Comunitat Valenciana,203,102,25,16,5,7,4,0,44,2022_1T.xlsx
293,Alicante,60,27,8,6,2,0,0,0,17,2022_1T.xlsx
294,Castellón,23,12,3,1,0,1,0,0,6,2022_1T.xlsx
295,Valencia,120,63,14,9,3,6,4,0,21,2022_1T.xlsx
296,Extremadura,7,5,0,2,0,0,0,0,0,2022_1T.xlsx
297,Badajoz,4,3,0,1,0,0,0,0,0,2022_1T.xlsx
298,Cáceres,3,2,0,1,0,0,0,0,0,2022_1T.xlsx
299,Galicia,52,27,6,4,2,1,0,0,12,2022_1T.xlsx
300,A Coruña,19,11,3,1,1,1,0,0,2,2022_1T.xlsx
301,Lugo,11,5,0,0,0,0,0,0,6,2022_1T.xlsx
302,Ourense,6,1,1,2,0,0,0,0,2,2022_1T.xlsx
303,Pontevedra,16,10,2,1,1,0,0,0,2,2022_1T.xlsx
304,Madrid,325,185,32,20,10,6,3,0,69,2022_1T.xlsx
305,Murcia,38,15,1,4,4,3,4,0,7,2022_1T.xlsx
306,Navarra,7,5,1,0,1,0,0,0,0,2022_1T.xlsx
307,Pais Vasco,66,35,6,4,5,1,0,0,15,2022_1T.xlsx
308,Araba/Álava,11,7,2,1,1,0,0,0,0,2022_1T.xlsx
309,Bizkaia,41,21,3,2,3,1,0,0,11,2022_1T.xlsx
310,Gipuzkoa,14,7,1,1,1,0,0,0,4,2022_1T.xlsx
311,La Rioja,7,3,2,0,0,0,0,0,2,2022_1T.xlsx
312,Ceuta y Melilla,1,0,1,0,0,0,0,0,0,2022_1T.xlsx
313,Ceuta,0,0,0,0,0,0,0,0,0,2022_1T.xlsx
314,Melilla,1,0,1,0,0,0,0,0,0,2022_1T.xlsx
315,Andalucía,104,48,6,11,4,4,0,0,31,2022_2T.xlsx
316,Almería,14,3,0,3,2,0,0,0,6,2022_2T.xlsx
317,Cádiz,5,2,0,1,0,0,0,0,2,2022_2T.xlsx
318,Córdoba,8,1,1,1,0,0,0,0,5,2022_2T.xlsx
319,Granada,19,10,1,0,0,1,0,0,7,2022_2T.xlsx
320,Huelva,8,3,0,1,0,2,0,0,2,2022_2T.xlsx
321,Jaén,4,3,1,0,0,0,0,0,0,2022_2T.xlsx
322,Málaga,23,13,3,1,2,1,0,0,3,2022_2T.xlsx
323,Sevilla,23,13,0,4,0,0,0,0,6,2022_2T.xlsx
324,Aragón,36,20,5,3,3,0,0,0,5,2022_2T.xlsx
325,Huesca,4,3,0,0,0,0,0,0,1,2022_2T.xlsx
326,Teruel,4,2,0,0,1,0,0,0,1,2022_2T.xlsx
327,Zaragoza,28,15,5,3,2,0,0,0,3,2022_2T.xlsx
328,Asturias,24,13,3,4,2,0,0,0,2,2022_2T.xlsx
329,"Balears, Illes",23,13,4,1,0,0,0,0,5,2022_2T.xlsx
330,Canarias,37,22,2,1,0,3,0,0,9,2022_2T.xlsx
331,Las Palmas de Gran Canaria,22,13,1,1,0,2,0,0,5,2022_2T.xlsx
332,Santa Cruz de Tenerife,15,9,1,0,0,1,0,0,4,2022_2T.xlsx
333,Cantabria,8,1,2,1,0,0,0,0,4,2022_2T.xlsx
334,Castilla y León,25,12,3,1,1,0,0,0,8,2022_2T.xlsx
335,Ávila,1,1,0,0,0,0,0,0,0,2022_2T.xlsx
336,Burgos,4,2,0,0,0,0,0,0,2,2022_2T.xlsx
337,León,5,2,2,0,0,0,0,0,1,2022_2T.xlsx
338,Palencia,1,0,0,0,0,0,0,0,1,2022_2T.xlsx
339,Salamanca,3,2,0,0,0,0,0,0,1,2022_2T.xlsx
340,Segovia,1,1,0,0,0,0,0,0,0,2022_2T.xlsx
341,Soria,3,1,0,0,0,0,0,0,2,2022_2T.xlsx
342,Valladolid,5,3,1,0,0,0,0,0,1,2022_2T.xlsx
343,Zamora,2,0,0,1,1,0,0,0,0,2022_2T.xlsx
344,Castilla-La Mancha,29,12,4,3,0,1,0,0,9,2022_2T.xlsx
345,Albacete,7,4,0,2,0,0,0,0,1,2022_2T.xlsx
346,Ciudad Real,9,6,2,0,0,0,0,0,1,2022_2T.xlsx
347,Cuenca,1,1,0,0,0,0,0,0,0,2022_2T.xlsx
348,Guadalajara,2,0,1,0,0,0,0,0,1,2022_2T.xlsx
349,Toledo,10,1,1,1,0,1,0,0,6,2022_2T.xlsx
350,Cataluña,324,143,38,37,18,14,4,0,70,2022_2T.xlsx
351,Barcelona,286,127,33,32,16,13,4,0,61,2022_2T.xlsx
352,Girona,11,2,2,3,2,0,0,0,2,2022_2T.xlsx
353,Lleida,8,4,2,0,0,0,0,0,2,2022_2T.xlsx
354,Tarragona,19,10,1,2,0,1,0,0,5,2022_2T.xlsx
355,Comunitat Valenciana,234,121,27,16,8,10,2,0,50,2022_2T.xlsx
356,Alicante,57,33,7,6,1,1,0,0,9,2022_2T.xlsx
357,Castellón,18,12,2,1,0,0,1,0,2,2022_2T.xlsx
358,Valencia,159,76,18,9,7,9,1,0,39,2022_2T.xlsx
359,Extremadura,8,6,1,0,0,0,0,0,1,2022_2T.xlsx
360,Badajoz,4,4,0,0,0,0,0,0,0,2022_2T.xlsx
361,Cáceres,4,2,1,0,0,0,0,0,1,2022_2T.xlsx
362,Galicia,47,26,3,3,2,4,0,0,9,2022_2T.xlsx
363,A Coruña,16,11,0,1,0,2,0,0,2,2022_2T.xlsx
364,Lugo,14,6,2,0,1,1,0,0,4,2022_2T.xlsx
365,Ourense,6,4,0,0,0,0,0,0,2,2022_2T.xlsx
366,Pontevedra,11,5,1,2,1,1,0,0,1,2022_2T.xlsx
367,Madrid,259,140,21,20,6,9,2,1,60,2022_2T.xlsx
368,Murcia,28,16,2,4,2,2,0,0,2,2022_2T.xlsx
369,Navarra,10,4,0,3,1,1,0,0,1,2022_2T.xlsx
370,Pais Vasco,64,34,12,3,3,5,1,0,6,2022_2T.xlsx
371,Araba/Álava,1,1,0,0,0,0,0,0,0,2022_2T.xlsx
372,Bizkaia,42,23,4,2,3,5,1,0,4,2022_2T.xlsx
373,Gipuzkoa,21,10,8,1,0,0,0,0,2,2022_2T.xlsx
374,La Rioja,4,2,1,0,0,0,0,0,1,2022_2T.xlsx
375,Ceuta y Melilla,3,2,0,0,0,0,0,0,1,2022_2T.xlsx
376,Ceuta,2,1,0,0,0,0,0,0,1,2022_2T.xlsx
377,Melilla,1,1,0,0,0,0,0,0,0,2022_2T.xlsx
378,Andalucía,194,87,28,16,5,13,1,0,44,2022_3T.xlsx
379,Almería,20,9,2,4,0,1,0,0,4,2022_3T.xlsx
380,Cádiz,17,4,3,2,0,2,0,0,6,2022_3T.xlsx
381,Córdoba,25,13,4,1,0,2,0,0,5,2022_3T.xlsx
382,Granada,21,13,1,2,1,0,1,0,3,2022_3T.xlsx
383,Huelva,13,5,0,1,1,0,0,0,6,2022_3T.xlsx
384,Jaén,9,6,0,1,0,0,0,0,2,2022_3T.xlsx
385,Málaga,37,17,7,2,1,2,0,0,8,2022_3T.xlsx
386,Sevilla,52,20,11,3,2,6,0,0,10,2022_3T.xlsx
387,Aragón,52,20,11,5,0,1,2,0,13,2022_3T.xlsx
388,Huesca,5,2,1,0,0,0,1,0,1,2022_3T.xlsx
389,Teruel,1,0,0,0,0,0,0,0,1,2022_3T.xlsx
390,Zaragoza,46,18,10,5,0,1,1,0,11,2022_3T.xlsx
391,Asturias,29,11,5,2,2,4,0,0,5,2022_3T.xlsx
392,"Balears, Illes",26,14,2,2,2,0,0,0,6,2022_3T.xlsx
393,Canarias,28,13,2,0,2,1,0,0,10,2022_3T.xlsx
394,Las Palmas de Gran Canaria,15,7,1,0,1,1,0,0,5,2022_3T.xlsx
395,Santa Cruz de Tenerife,13,6,1,0,1,0,0,0,5,2022_3T.xlsx
396,Cantabria,11,5,1,2,0,0,0,0,3,2022_3T.xlsx
397,Castilla y León,42,18,3,2,1,3,1,0,14,2022_3T.xlsx
398,Ávila,0,0,0,0,0,0,0,0,0,2022_3T.xlsx
399,Burgos,4,3,0,0,0,0,0,0,1,2022_3T.xlsx
400,León,6,2,0,0,1,1,0,0,2,2022_3T.xlsx
401,Palencia,4,1,0,1,0,0,0,0,2,2022_3T.xlsx
402,Salamanca,5,4,0,0,0,0,1,0,0,2022_3T.xlsx
403,Segovia,7,4,0,1,0,1,0,0,1,2022_3T.xlsx
404,Soria,1,0,0,0,0,0,0,0,1,2022_3T.xlsx
405,Valladolid,15,4,3,0,0,1,0,0,7,2022_3T.xlsx
406,Zamora,0,0,0,0,0,0,0,0,0,2022_3T.xlsx
407,Castilla-La Mancha,47,21,8,6,1,1,0,0,10,2022_3T.xlsx
408,Albacete,16,6,2,3,0,1,0,0,4,2022_3T.xlsx
409,Ciudad Real,3,0,0,0,0,0,0,0,3,2022_3T.xlsx
410,Cuenca,7,5,0,2,0,0,0,0,0,2022_3T.xlsx
411,Guadalajara,4,1,1,0,1,0,0,0,1,2022_3T.xlsx
412,Toledo,17,9,5,1,0,0,0,0,2,2022_3T.xlsx
413,Cataluña,452,209,46,39,20,19,9,0,110,2022_3T.xlsx
414,Barcelona,368,176,38,32,16,17,7,0,82,2022_3T.xlsx
415,Girona,38,17,4,3,1,1,1,0,11,2022_3T.xlsx
416,Lleida,31,12,1,3,2,1,0,0,12,2022_3T.xlsx
417,Tarragona,15,4,3,1,1,0,1,0,5,2022_3T.xlsx
418,Comunitat Valenciana,264,134,34,24,17,7,6,0,42,2022_3T.xlsx
419,Alicante,75,40,13,9,2,2,1,0,8,2022_3T.xlsx
420,Castellón,24,12,3,3,2,1,0,0,3,2022_3T.xlsx
421,Valencia,165,82,18,12,13,4,5,0,31,2022_3T.xlsx
422,Extremadura,25,10,5,1,0,1,1,0,7,2022_3T.xlsx
423,Badajoz,13,4,1,1,0,1,1,0,5,2022_3T.xlsx
424,Cáceres,12,6,4,0,0,0,0,0,2,2022_3T.xlsx
425,Galicia,59,32,5,10,4,1,2,0,5,2022_3T.xlsx
426,A Coruña,21,9,3,5,0,0,2,0,2,2022_3T.xlsx
427,Lugo,21,11,1,3,3,1,0,0,2,2022_3T.xlsx
428,Ourense,0,0,0,0,0,0,0,0,0,2022_3T.xlsx
429,Pontevedra,17,12,1,2,1,0,0,0,1,2022_3T.xlsx
430,Madrid,455,253,48,34,21,12,5,0,82,2022_3T.xlsx
431,Murcia,51,25,5,2,3,2,2,0,12,2022_3T.xlsx
432,Navarra,10,6,1,0,0,1,0,0,2,2022_3T.xlsx
433,Pais Vasco,100,48,11,10,8,4,2,0,17,2022_3T.xlsx
434,Araba/Álava,17,12,1,0,2,0,0,0,2,2022_3T.xlsx
435,Bizkaia,55,24,4,6,6,4,2,0,9,2022_3T.xlsx
436,Gipuzkoa,28,12,6,4,0,0,0,0,6,2022_3T.xlsx
437,La Rioja,8,3,1,0,0,0,0,0,4,2022_3T.xlsx
438,Ceuta y Melilla,0,0,0,0,0,0,0,0,0,2022_3T.xlsx
439,Ceuta,0,0,0,0,0,0,0,0,0,2022_3T.xlsx
440,Melilla,0,0,0,0,0,0,0,0,0,2022_3T.xlsx
441,Andalucía,190,92,14,21,7,6,3,2,45,2022_4T.xlsx
442,Almería,22,12,4,1,1,3,0,0,1,2022_4T.xlsx
443,Cádiz,29,15,2,3,2,1,1,0,5,2022_4T.xlsx
444,Córdoba,11,4,2,1,0,0,0,0,4,2022_4T.xlsx
445,Granada,16,7,1,3,1,0,1,0,3,2022_4T.xlsx
446,Huelva,9,5,2,0,0,0,0,0,2,2022_4T.xlsx
447,Jaén,6,4,0,0,0,0,1,0,1,2022_4T.xlsx
448,Málaga,32,18,2,3,1,0,0,0,8,2022_4T.xlsx
449,Sevilla,65,27,1,10,2,2,0,2,21,2022_4T.xlsx
450,Aragón,34,15,7,3,2,4,0,0,3,2022_4T.xlsx
451,Huesca,2,0,1,0,1,0,0,0,0,2022_4T.xlsx
452,Teruel,1,0,0,0,1,0,0,0,0,2022_4T.xlsx
453,Zaragoza,31,15,6,3,0,4,0,0,3,2022_4T.xlsx
454,Asturias,23,9,5,2,3,3,0,0,1,2022_4T.xlsx
455,"Balears, Illes",24,12,1,1,2,1,0,0,7,2022_4T.xlsx
456,Canarias,31,20,2,0,1,2,0,0,6,2022_4T.xlsx
457,Las Palmas de Gran Canaria,16,8,2,0,1,2,0,0,3,2022_4T.xlsx
458,Santa Cruz de Tenerife,15,12,0,0,0,0,0,0,3,2022_4T.xlsx
459,Cantabria,8,3,2,0,0,1,0,0,2,2022_4T.xlsx
460,Castilla y León,49,24,4,2,6,4,0,0,9,2022_4T.xlsx
461,Ávila,2,2,0,0,0,0,0,0,0,2022_4T.xlsx
462,Burgos,14,7,2,1,2,0,0,0,2,2022_4T.xlsx
463,León,5,1,0,0,2,0,0,0,2,2022_4T.xlsx
464,Palencia,2,1,0,0,0,1,0,0,0,2022_4T.xlsx
465,Salamanca,9,3,1,1,0,1,0,0,3,2022_4T.xlsx
466,Segovia,3,2,0,0,0,0,0,0,1,2022_4T.xlsx
467,Soria,2,2,0,0,0,0,0,0,0,2022_4T.xlsx
468,Valladolid,10,5,1,0,2,1,0,0,1,2022_4T.xlsx
469,Zamora,2,1,0,0,0,1,0,0,0,2022_4T.xlsx
470,Castilla-La Mancha,42,18,3,4,5,2,2,0,8,2022_4T.xlsx
471,Albacete,14,6,0,2,1,1,1,0,3,2022_4T.xlsx
472,Ciudad Real,0,0,0,0,0,0,0,0,0,2022_4T.xlsx
473,Cuenca,2,0,0,0,2,0,0,0,0,2022_4T.xlsx
474,Guadalajara,8,3,0,0,0,1,0,0,4,2022_4T.xlsx
475,Toledo,18,9,3,2,2,0,1,0,1,2022_4T.xlsx
476,Cataluña,306,139,38,21,17,17,7,0,67,2022_4T.xlsx
477,Barcelona,261,120,31,19,13,14,7,0,57,2022_4T.xlsx
478,Girona,16,6,3,0,3,2,0,0,2,2022_4T.xlsx
479,Lleida,22,11,2,1,0,1,0,0,7,2022_4T.xlsx
480,Tarragona,7,2,2,1,1,0,0,0,1,2022_4T.xlsx
481,Comunitat Valenciana,259,128,38,22,16,10,5,0,40,2022_4T.xlsx
482,Alicante,83,37,18,8,4,3,0,0,13,2022_4T.xlsx
483,Castellón,32,18,4,1,3,2,1,0,3,2022_4T.xlsx
484,Valencia,144,73,16,13,9,5,4,0,24,2022_4T.xlsx
485,Extremadura,15,9,1,0,1,0,1,0,3,2022_4T.xlsx
486,Badajoz,10,5,1,0,0,0,1,0,3,2022_4T.xlsx
487,Cáceres,5,4,0,0,1,0,0,0,0,2022_4T.xlsx
488,Galicia,61,37,8,3,4,2,2,0,5,2022_4T.xlsx
489,A Coruña,31,20,3,2,2,2,0,0,2,2022_4T.xlsx
490,Lugo,9,5,2,0,1,0,0,0,1,2022_4T.xlsx
491,Ourense,2,2,0,0,0,0,0,0,0,2022_4T.xlsx
492,Pontevedra,19,10,3,1,1,0,2,0,2,2022_4T.xlsx
493,Madrid,458,224,56,34,26,14,13,0,91,2022_4T.xlsx
494,Murcia,40,12,5,3,3,4,4,0,9,2022_4T.xlsx
495,Navarra,5,4,1,0,0,0,0,0,0,2022_4T.xlsx
496,Pais Vasco,64,32,8,9,5,3,1,0,6,2022_4T.xlsx
497,Araba/Álava,8,3,3,2,0,0,0,0,0,2022_4T.xlsx
498,Bizkaia,37,22,3,4,4,1,1,0,2,2022_4T.xlsx
499,Gipuzkoa,19,7,2,3,1,2,0,0,4,2022_4T.xlsx
500,La Rioja,3,1,0,1,0,0,1,0,0,2022_4T.xlsx
501,Ceuta y Melilla,1,0,0,0,0,0,0,0,1,2022_4T.xlsx
502,Ceuta,1,0,0,0,0,0,0,0,1,2022_4T.xlsx
503,Melilla,0,0,0,0,0,0,0,0,0,2022_4T.xlsx
504,Andalucía,109,35,9,10,6,6,1,0,42,2023_1T.xlsx
505,Almería,9,3,2,2,0,0,0,0,2,2023_1T.xlsx
506,Cádiz,7,4,2,0,0,0,0,0,1,2023_1T.xlsx
507,Córdoba,11,3,1,2,0,0,1,0,4,2023_1T.xlsx
508,Granada,10,2,0,0,3,1,0,0,4,2023_1T.xlsx
509,Huelva,4,1,0,0,0,0,0,0,3,2023_1T.xlsx
510,Jaén,5,1,0,0,1,0,0,0,3,2023_1T.xlsx
511,Málaga,17,3,1,2,0,3,0,0,8,2023_1T.xlsx
512,Sevilla,46,18,3,4,2,2,0,0,17,2023_1T.xlsx
513,Aragón,45,21,5,6,1,4,0,0,8,2023_1T.xlsx
514,Huesca,4,3,0,1,0,0,0,0,0,2023_1T.xlsx
515,Teruel,5,4,0,1,0,0,0,0,0,2023_1T.xlsx
516,Zaragoza,36,14,5,4,1,4,0,0,8,2023_1T.xlsx
517,Asturias,18,7,1,5,1,1,0,0,3,2023_1T.xlsx
518,"Balears, Illes",26,8,3,2,0,2,1,0,10,2023_1T.xlsx
519,Canarias,25,11,3,0,1,1,1,0,8,2023_1T.xlsx
520,Las Palmas de Gran Canaria,15,4,1,0,1,1,1,0,7,2023_1T.xlsx
521,Santa Cruz de Tenerife,10,7,2,0,0,0,0,0,1,2023_1T.xlsx
522,Cantabria,4,2,0,0,1,0,0,0,1,2023_1T.xlsx
523,Castilla y León,31,10,3,1,3,4,0,0,10,2023_1T.xlsx
524,Ávila,2,2,0,0,0,0,0,0,0,2023_1T.xlsx
525,Burgos,9,3,0,0,2,1,0,0,3,2023_1T.xlsx
526,León,2,0,1,0,0,0,0,0,1,2023_1T.xlsx
527,Palencia,1,1,0,0,0,0,0,0,0,2023_1T.xlsx
528,Salamanca,7,2,2,0,0,0,0,0,3,2023_1T.xlsx
529,Segovia,2,1,0,0,0,1,0,0,0,2023_1T.xlsx
530,Soria,0,0,0,0,0,0,0,0,0,2023_1T.xlsx
531,Valladolid,5,1,0,1,1,1,0,0,1,2023_1T.xlsx
532,Zamora,3,0,0,0,0,1,0,0,2,2023_1T.xlsx
533,Castilla-La Mancha,25,11,2,2,1,3,1,0,5,2023_1T.xlsx
534,Albacete,7,3,1,1,0,0,0,0,2,2023_1T.xlsx
535,Ciudad Real,10,4,0,0,1,2,1,0,2,2023_1T.xlsx
536,Cuenca,3,2,0,0,0,1,0,0,0,2023_1T.xlsx
537,Guadalajara,2,0,1,0,0,0,0,0,1,2023_1T.xlsx
538,Toledo,3,2,0,1,0,0,0,0,0,2023_1T.xlsx
539,Cataluña,262,102,13,26,18,16,5,0,82,2023_1T.xlsx
540,Barcelona,231,94,12,23,18,12,2,0,70,2023_1T.xlsx
541,Girona,8,1,0,0,0,2,0,0,5,2023_1T.xlsx
542,Lleida,10,3,0,2,0,1,0,0,4,2023_1T.xlsx
543,Tarragona,13,4,1,1,0,1,3,0,3,2023_1T.xlsx
544,Comunitat Valenciana,174,62,27,10,13,10,4,0,48,2023_1T.xlsx
545,Alicante,34,9,4,3,4,1,1,0,12,2023_1T.xlsx
546,Castellón,35,15,3,3,1,2,2,0,9,2023_1T.xlsx
547,Valencia,105,38,20,4,8,7,1,0,27,2023_1T.xlsx
548,Extremadura,6,2,0,2,0,0,0,0,2,2023_1T.xlsx
549,Badajoz,4,1,0,1,0,0,0,0,2,2023_1T.xlsx
550,Cáceres,2,1,0,1,0,0,0,0,0,2023_1T.xlsx
551,Galicia,31,12,3,3,6,4,0,0,3,2023_1T.xlsx
552,A Coruña,5,2,0,0,1,0,0,0,2,2023_1T.xlsx
553,Lugo,4,1,0,1,0,2,0,0,0,2023_1T.xlsx
554,Ourense,1,0,0,0,0,0,0,0,1,2023_1T.xlsx
555,Pontevedra,21,9,3,2,5,2,0,0,0,2023_1T.xlsx
556,Madrid,192,71,17,18,13,9,4,0,60,2023_1T.xlsx
557,Murcia,26,10,2,3,3,2,1,0,5,2023_1T.xlsx
558,Navarra,6,4,1,0,0,0,1,0,0,2023_1T.xlsx
559,Pais Vasco,47,17,5,3,2,4,1,0,15,2023_1T.xlsx
560,Araba/Álava,6,3,0,1,0,0,0,0,2,2023_1T.xlsx
561,Bizkaia,25,8,3,1,1,2,1,0,9,2023_1T.xlsx
562,Gipuzkoa,16,6,2,1,1,2,0,0,4,2023_1T.xlsx
563,La Rioja,8,5,1,0,2,0,0,0,0,2023_1T.xlsx
564,Ceuta y Melilla,2,0,0,0,0,1,0,0,1,2023_1T.xlsx
565,Ceuta,2,0,0,0,0,1,0,0,1,2023_1T.xlsx
566,Melilla,0,0,0,0,0,0,0,0,0,2023_1T.xlsx
567,Andalucía,121,55,14,13,10,6,1,0,22,2023_2T.xlsx
568,Almería,19,14,0,2,1,0,0,0,2,2023_2T.xlsx
569,Cádiz,4,1,1,0,0,1,0,0,1,2023_2T.xlsx
570,Córdoba,8,5,0,0,1,0,1,0,1,2023_2T.xlsx
571,Granada,15,8,2,1,0,2,0,0,2,2023_2T.xlsx
572,Huelva,3,1,1,1,0,0,0,0,0,2023_2T.xlsx
573,Jaén,7,1,1,1,0,1,0,0,3,2023_2T.xlsx
574,Málaga,27,10,3,3,5,1,0,0,5,2023_2T.xlsx
575,Sevilla,38,15,6,5,3,1,0,0,8,2023_2T.xlsx
576,Aragón,40,17,7,4,4,2,1,0,5,2023_2T.xlsx
577,Huesca,7,4,1,0,1,1,0,0,0,2023_2T.xlsx
578,Teruel,2,0,1,0,0,0,0,0,1,2023_2T.xlsx
579,Zaragoza,31,13,5,4,3,1,1,0,4,2023_2T.xlsx
580,Asturias,17,5,0,2,2,2,0,0,6,2023_2T.xlsx
581,"Balears, Illes",31,13,4,2,1,1,0,0,10,2023_2T.xlsx
582,Canarias,33,15,6,2,2,0,0,0,8,2023_2T.xlsx
583,Las Palmas de Gran Canaria,21,9,4,2,2,0,0,0,4,2023_2T.xlsx
584,Santa Cruz de Tenerife,12,6,2,0,0,0,0,0,4,2023_2T.xlsx
585,Cantabria,7,2,0,1,1,0,1,0,2,2023_2T.xlsx
586,Castilla y León,37,15,6,3,2,4,0,0,7,2023_2T.xlsx
587,Ávila,3,3,0,0,0,0,0,0,0,2023_2T.xlsx
588,Burgos,5,1,1,1,0,0,0,0,2,2023_2T.xlsx
589,León,5,3,0,1,0,0,0,0,1,2023_2T.xlsx
590,Palencia,3,0,1,0,0,0,0,0,2,2023_2T.xlsx
591,Salamanca,5,2,0,1,0,1,0,0,1,2023_2T.xlsx
592,Segovia,6,2,0,0,1,3,0,0,0,2023_2T.xlsx
593,Soria,0,0,0,0,0,0,0,0,0,2023_2T.xlsx
594,Valladolid,10,4,4,0,1,0,0,0,1,2023_2T.xlsx
595,Zamora,0,0,0,0,0,0,0,0,0,2023_2T.xlsx
596,Castilla-La Mancha,23,11,1,0,2,2,0,0,7,2023_2T.xlsx
597,Albacete,5,4,0,0,1,0,0,0,0,2023_2T.xlsx
598,Ciudad Real,9,2,1,0,0,1,0,0,5,2023_2T.xlsx
599,Cuenca,4,1,0,0,1,1,0,0,1,2023_2T.xlsx
600,Guadalajara,1,1,0,0,0,0,0,0,0,2023_2T.xlsx
601,Toledo,4,3,0,0,0,0,0,0,1,2023_2T.xlsx
602,Cataluña,350,129,49,34,35,27,6,0,70,2023_2T.xlsx
603,Barcelona,313,117,42,31,32,24,5,0,62,2023_2T.xlsx
604,Girona,20,6,3,2,2,2,1,0,4,2023_2T.xlsx
605,Lleida,7,4,1,0,0,0,0,0,2,2023_2T.xlsx
606,Tarragona,10,2,3,1,1,1,0,0,2,2023_2T.xlsx
607,Comunitat Valenciana,233,91,34,28,12,14,7,0,47,2023_2T.xlsx
608,Alicante,79,32,12,12,3,5,1,0,14,2023_2T.xlsx
609,Castellón,18,5,2,3,0,1,2,0,5,2023_2T.xlsx
610,Valencia,136,54,20,13,9,8,4,0,28,2023_2T.xlsx
611,Extremadura,18,5,0,2,3,2,0,0,6,2023_2T.xlsx
612,Badajoz,12,2,0,1,3,2,0,0,4,2023_2T.xlsx
613,Cáceres,6,3,0,1,0,0,0,0,2,2023_2T.xlsx
614,Galicia,78,30,7,8,7,3,2,0,21,2023_2T.xlsx
615,A Coruña,39,15,4,5,2,2,1,0,10,2023_2T.xlsx
616,Lugo,14,4,1,1,1,0,1,0,6,2023_2T.xlsx
617,Ourense,4,3,0,0,0,1,0,0,0,2023_2T.xlsx
618,Pontevedra,21,8,2,2,4,0,0,0,5,2023_2T.xlsx
619,Madrid,206,91,18,16,14,8,0,0,59,2023_2T.xlsx
620,Murcia,36,15,1,1,4,2,5,0,8,2023_2T.xlsx
621,Navarra,15,4,2,2,1,2,2,0,2,2023_2T.xlsx
622,Pais Vasco,80,22,16,13,10,2,1,0,16,2023_2T.xlsx
623,Araba/Álava,14,5,4,2,3,0,0,0,0,2023_2T.xlsx
624,Bizkaia,48,13,10,8,6,2,1,0,8,2023_2T.xlsx
625,Gipuzkoa,18,4,2,3,1,0,0,0,8,2023_2T.xlsx
626,La Rioja,12,3,2,3,1,1,0,0,2,2023_2T.xlsx
627,Ceuta y Melilla,0,0,0,0,0,0,0,0,0,2023_2T.xlsx
628,Ceuta,0,0,0,0,0,0,0,0,0,2023_2T.xlsx
629,Melilla,0,0,0,0,0,0,0,0,0,2023_2T.xlsx
630,Andalucía,109,45,11,9,8,5,2,1,28,2023_3T.xlsx
631,Almería,3,0,1,0,2,0,0,0,0,2023_3T.xlsx
632,Cádiz,14,6,1,2,1,1,0,0,3,2023_3T.xlsx
633,Córdoba,6,4,0,1,0,0,0,0,1,2023_3T.xlsx
634,Granada,13,4,0,2,0,0,0,1,6,2023_3T.xlsx
635,Huelva,3,1,0,0,0,0,0,0,2,2023_3T.xlsx
636,Jaén,2,0,0,1,0,0,0,0,1,2023_3T.xlsx
637,Málaga,18,10,2,2,1,0,1,0,2,2023_3T.xlsx
638,Sevilla,50,20,7,1,4,4,1,0,13,2023_3T.xlsx
639,Aragón,35,15,4,1,4,3,2,0,6,2023_3T.xlsx
640,Huesca,4,0,0,0,1,1,1,0,1,2023_3T.xlsx
641,Teruel,2,1,0,0,0,0,1,0,0,2023_3T.xlsx
642,Zaragoza,29,14,4,1,3,2,0,0,5,2023_3T.xlsx
643,Asturias,23,7,2,7,2,1,0,0,4,2023_3T.xlsx
644,"Balears, Illes",19,10,2,1,0,1,0,0,5,2023_3T.xlsx
645,Canarias,30,13,2,7,0,1,0,0,7,2023_3T.xlsx
646,Las Palmas de Gran Canaria,15,4,1,5,0,0,0,0,5,2023_3T.xlsx
647,Santa Cruz de Tenerife,15,9,1,2,0,1,0,0,2,2023_3T.xlsx
648,Cantabria,10,4,1,4,0,0,0,0,1,2023_3T.xlsx
649,Castilla y León,43,20,6,2,2,3,1,0,9,2023_3T.xlsx
650,Ávila,1,0,0,0,0,0,0,0,1,2023_3T.xlsx
651,Burgos,4,1,2,0,0,0,0,0,1,2023_3T.xlsx
652,León,7,3,2,0,1,1,0,0,0,2023_3T.xlsx
653,Palencia,1,1,0,0,0,0,0,0,0,2023_3T.xlsx
654,Salamanca,8,5,0,1,0,0,0,0,2,2023_3T.xlsx
655,Segovia,4,2,0,1,1,0,0,0,0,2023_3T.xlsx
656,Soria,3,2,0,0,0,0,0,0,1,2023_3T.xlsx
657,Valladolid,14,6,2,0,0,2,0,0,4,2023_3T.xlsx
658,Zamora,1,0,0,0,0,0,1,0,0,2023_3T.xlsx
659,Castilla-La Mancha,40,18,4,2,5,0,0,0,11,2023_3T.xlsx
660,Albacete,19,10,1,1,2,0,0,0,5,2023_3T.xlsx
661,Ciudad Real,9,3,0,0,1,0,0,0,5,2023_3T.xlsx
662,Cuenca,6,3,2,1,0,0,0,0,0,2023_3T.xlsx
663,Guadalajara,2,1,0,0,1,0,0,0,0,2023_3T.xlsx
664,Toledo,4,1,1,0,1,0,0,0,1,2023_3T.xlsx
665,Cataluña,321,144,32,39,16,8,3,0,79,2023_3T.xlsx
666,Barcelona,271,118,29,33,16,7,3,0,65,2023_3T.xlsx
667,Girona,26,12,2,4,0,0,0,0,8,2023_3T.xlsx
668,Lleida,11,6,0,0,0,0,0,0,5,2023_3T.xlsx
669,Tarragona,13,8,1,2,0,1,0,0,1,2023_3T.xlsx
670,Comunitat Valenciana,141,56,16,10,14,15,2,0,28,2023_3T.xlsx
671,Alicante,38,17,4,1,4,2,1,0,9,2023_3T.xlsx
672,Castellón,29,9,2,1,2,10,0,0,5,2023_3T.xlsx
673,Valencia,74,30,10,8,8,3,1,0,14,2023_3T.xlsx
674,Extremadura,17,9,2,0,0,0,2,0,4,2023_3T.xlsx
675,Badajoz,15,8,2,0,0,0,1,0,4,2023_3T.xlsx
676,Cáceres,2,1,0,0,0,0,1,0,0,2023_3T.xlsx
677,Galicia,52,28,8,6,2,1,0,0,7,2023_3T.xlsx
678,A Coruña,21,12,3,3,1,0,0,0,2,2023_3T.xlsx
679,Lugo,10,3,2,1,1,1,0,0,2,2023_3T.xlsx
680,Ourense,2,1,1,0,0,0,0,0,0,2023_3T.xlsx
681,Pontevedra,19,12,2,2,0,0,0,0,3,2023_3T.xlsx
682,Madrid,176,76,21,18,8,3,6,0,44,2023_3T.xlsx
683,Murcia,29,13,1,4,1,2,0,0,8,2023_3T.xlsx
684,Navarra,10,3,0,2,2,1,1,0,1,2023_3T.xlsx
685,Pais Vasco,57,29,3,9,5,3,2,0,6,2023_3T.xlsx
686,Araba/Álava,8,3,0,3,1,0,0,0,1,2023_3T.xlsx
687,Bizkaia,30,17,2,3,3,1,0,0,4,2023_3T.xlsx
688,Gipuzkoa,19,9,1,3,1,2,2,0,1,2023_3T.xlsx
689,La Rioja,6,3,0,2,1,0,0,0,0,2023_3T.xlsx
690,Ceuta y Melilla,0,0,0,0,0,0,0,0,0,2023_3T.xlsx
691,Ceuta,0,0,0,0,0,0,0,0,0,2023_3T.xlsx
692,Melilla,0,0,0,0,0,0,0,0,0,2023_3T.xlsx
693,Andalucía,150,57,21,12,8,9,6,0,37,2023_4T.xlsx
694,Almería,15,8,1,2,0,1,1,0,2,2023_4T.xlsx
695,Cádiz,22,8,2,1,3,0,0,0,8,2023_4T.xlsx
696,Córdoba,10,3,0,1,0,1,1,0,4,2023_4T.xlsx
697,Granada,10,5,0,0,0,1,1,0,3,2023_4T.xlsx
698,Huelva,9,0,2,0,1,2,0,0,4,2023_4T.xlsx
699,Jaén,7,2,2,0,1,1,0,0,1,2023_4T.xlsx
700,Málaga,25,12,2,4,2,1,0,0,4,2023_4T.xlsx
701,Sevilla,52,19,12,4,1,2,3,0,11,2023_4T.xlsx
702,Aragón,26,11,2,5,2,0,1,0,5,2023_4T.xlsx
703,Huesca,8,2,0,3,0,0,0,0,3,2023_4T.xlsx
704,Teruel,2,0,1,1,0,0,0,0,0,2023_4T.xlsx
705,Zaragoza,16,9,1,1,2,0,1,0,2,2023_4T.xlsx
706,Asturias,22,7,5,2,2,1,1,0,4,2023_4T.xlsx
707,"Balears, Illes",27,12,2,5,2,1,0,0,5,2023_4T.xlsx
708,Canarias,34,12,1,6,3,1,0,0,11,2023_4T.xlsx
709,Las Palmas de Gran Canaria,22,9,1,3,1,0,0,0,8,2023_4T.xlsx
710,Santa Cruz de Tenerife,12,3,0,3,2,1,0,0,3,2023_4T.xlsx
711,Cantabria,11,4,0,0,0,0,1,0,6,2023_4T.xlsx
712,Castilla y León,43,19,8,3,4,0,1,0,8,2023_4T.xlsx
713,Ávila,1,1,0,0,0,0,0,0,0,2023_4T.xlsx
714,Burgos,12,4,2,0,2,0,0,0,4,2023_4T.xlsx
715,León,7,2,2,0,1,0,1,0,1,2023_4T.xlsx
716,Palencia,0,0,0,0,0,0,0,0,0,2023_4T.xlsx
717,Salamanca,9,6,1,0,1,0,0,0,1,2023_4T.xlsx
718,Segovia,0,0,0,0,0,0,0,0,0,2023_4T.xlsx
719,Soria,1,0,0,0,0,0,0,0,1,2023_4T.xlsx
720,Valladolid,13,6,3,3,0,0,0,0,1,2023_4T.xlsx
721,Zamora,0,0,0,0,0,0,0,0,0,2023_4T.xlsx
722,Castilla-La Mancha,55,18,12,4,5,7,3,0,6,2023_4T.xlsx
723,Albacete,20,5,4,2,3,2,1,0,3,2023_4T.xlsx
724,Ciudad Real,12,5,3,1,0,3,0,0,0,2023_4T.xlsx
725,Cuenca,3,1,1,0,0,0,0,0,1,2023_4T.xlsx
726,Guadalajara,4,2,0,0,2,0,0,0,0,2023_4T.xlsx
727,Toledo,16,5,4,1,0,2,2,0,2,2023_4T.xlsx
728,Cataluña,384,135,53,41,33,18,4,0,100,2023_4T.xlsx
729,Barcelona,320,121,43,35,21,14,4,0,82,2023_4T.xlsx
730,Girona,19,4,1,2,5,3,0,0,4,2023_4T.xlsx
731,Lleida,16,3,3,2,3,1,0,0,4,2023_4T.xlsx
732,Tarragona,29,7,6,2,4,0,0,0,10,2023_4T.xlsx
733,Comunitat Valenciana,207,88,21,20,26,13,5,0,34,2023_4T.xlsx
734,Alicante,82,33,5,14,7,7,1,0,15,2023_4T.xlsx
735,Castellón,10,4,1,1,2,0,1,0,1,2023_4T.xlsx
736,Valencia,115,51,15,5,17,6,3,0,18,2023_4T.xlsx
737,Extremadura,15,4,2,1,2,0,2,0,4,2023_4T.xlsx
738,Badajoz,13,4,2,1,2,0,1,0,3,2023_4T.xlsx
739,Cáceres,2,0,0,0,0,0,1,0,1,2023_4T.xlsx
740,Galicia,79,29,12,6,12,8,0,0,12,2023_4T.xlsx
741,A Coruña,30,12,4,1,4,4,0,0,5,2023_4T.xlsx
742,Lugo,13,3,2,1,1,4,0,0,2,2023_4T.xlsx
743,Ourense,2,2,0,0,0,0,0,0,0,2023_4T.xlsx
744,Pontevedra,34,12,6,4,7,0,0,0,5,2023_4T.xlsx
745,Madrid,286,122,22,29,16,16,4,2,75,2023_4T.xlsx
746,Murcia,54,17,2,9,8,8,2,0,8,2023_4T.xlsx
747,Navarra,12,4,2,2,0,3,0,0,1,2023_4T.xlsx
748,Pais Vasco,57,24,8,6,5,3,0,0,11,2023_4T.xlsx
749,Araba/Álava,4,1,1,2,0,0,0,0,0,2023_4T.xlsx
750,Bizkaia,38,16,7,3,3,1,0,0,8,2023_4T.xlsx
751,Gipuzkoa,15,7,0,1,2,2,0,0,3,2023_4T.xlsx
752,La Rioja,8,2,1,0,1,1,1,0,2,2023_4T.xlsx
753,Ceuta y Melilla,1,1,0,0,0,0,0,0,0,2023_4T.xlsx
754,Ceuta,1,1,0,0,0,0,0,0,0,2023_4T.xlsx
755,Melilla,0,0,0,0,0,0,0,0,0,2023_4T.xlsx
756,Andalucía,130,50,8,11,8,8,3,0,42,2024_1T.xlsx
757,Almería,10,7,0,0,0,0,0,0,3,2024_1T.xlsx
758,Cádiz,9,1,1,1,1,1,0,0,4,2024_1T.xlsx
759,Córdoba,15,4,1,1,0,0,1,0,8,2024_1T.xlsx
760,Granada,15,5,0,4,1,1,1,0,3,2024_1T.xlsx
761,Huelva,7,0,0,0,0,2,0,0,5,2024_1T.xlsx
762,Jaén,6,3,1,0,1,0,1,0,0,2024_1T.xlsx
763,Málaga,33,17,3,1,4,3,0,0,5,2024_1T.xlsx
764,Sevilla,35,13,2,4,1,1,0,0,14,2024_1T.xlsx
765,Aragón,33,12,9,3,1,0,1,0,7,2024_1T.xlsx
766,Huesca,3,2,0,0,0,0,0,0,1,2024_1T.xlsx
767,Teruel,2,1,1,0,0,0,0,0,0,2024_1T.xlsx
768,Zaragoza,28,9,8,3,1,0,1,0,6,2024_1T.xlsx
769,Asturias,27,9,2,3,0,0,1,0,12,2024_1T.xlsx
770,"Balears, Illes",18,8,1,0,2,0,0,0,7,2024_1T.xlsx
771,Canarias,27,10,0,1,3,4,0,0,9,2024_1T.xlsx
772,Las Palmas de Gran Canaria,14,5,0,1,2,3,0,0,3,2024_1T.xlsx
773,Santa Cruz de Tenerife,13,5,0,0,1,1,0,0,6,2024_1T.xlsx
774,Cantabria,17,6,1,2,1,0,0,0,7,2024_1T.xlsx
775,Castilla y León,50,18,4,6,5,4,1,0,12,2024_1T.xlsx
776,Ávila,0,0,0,0,0,0,0,0,0,2024_1T.xlsx
777,Burgos,8,3,1,1,1,0,1,0,1,2024_1T.xlsx
778,León,7,1,0,0,1,1,0,0,4,2024_1T.xlsx
779,Palencia,4,2,0,1,0,1,0,0,0,2024_1T.xlsx
780,Salamanca,8,4,0,0,2,0,0,0,2,2024_1T.xlsx
781,Segovia,4,2,0,0,0,0,0,0,2,2024_1T.xlsx
782,Soria,2,0,0,1,0,1,0,0,0,2024_1T.xlsx
783,Valladolid,16,6,3,3,0,1,0,0,3,2024_1T.xlsx
784,Zamora,1,0,0,0,1,0,0,0,0,2024_1T.xlsx
785,Castilla-La Mancha,34,14,2,3,1,2,1,0,11,2024_1T.xlsx
786,Albacete,12,7,1,1,0,1,0,0,2,2024_1T.xlsx
787,Ciudad Real,5,1,0,0,0,0,0,0,4,2024_1T.xlsx
788,Cuenca,5,0,0,1,1,1,1,0,1,2024_1T.xlsx
789,Guadalajara,3,1,1,0,0,0,0,0,1,2024_1T.xlsx
790,Toledo,9,5,0,1,0,0,0,0,3,2024_1T.xlsx
791,Cataluña,386,133,46,57,32,18,7,1,92,2024_1T.xlsx
792,Barcelona,337,121,36,49,29,15,6,1,80,2024_1T.xlsx
793,Girona,15,7,2,2,2,0,0,0,2,2024_1T.xlsx
794,Lleida,15,3,4,2,0,2,1,0,3,2024_1T.xlsx
795,Tarragona,19,2,4,4,1,1,0,0,7,2024_1T.xlsx
796,Comunitat Valenciana,222,84,23,16,18,16,4,0,61,2024_1T.xlsx
797,Alicante,85,33,6,11,9,3,1,0,22,2024_1T.xlsx
798,Castellón,9,3,0,0,1,2,0,0,3,2024_1T.xlsx
799,Valencia,128,48,17,5,8,11,3,0,36,2024_1T.xlsx
800,Extremadura,12,4,3,1,0,0,0,0,4,2024_1T.xlsx
801,Badajoz,8,4,0,0,0,0,0,0,4,2024_1T.xlsx
802,Cáceres,4,0,3,1,0,0,0,0,0,2024_1T.xlsx
803,Galicia,59,26,12,7,2,0,3,0,9,2024_1T.xlsx
804,A Coruña,26,8,6,6,0,0,1,0,5,2024_1T.xlsx
805,Lugo,4,2,1,0,0,0,0,0,1,2024_1T.xlsx
806,Ourense,3,2,1,0,0,0,0,0,0,2024_1T.xlsx
807,Pontevedra,26,14,4,1,2,0,2,0,3,2024_1T.xlsx
808,Madrid,354,123,39,27,16,23,3,0,123,2024_1T.xlsx
809,Murcia,45,11,6,3,6,4,4,0,11,2024_1T.xlsx
810,Navarra,16,4,3,3,0,1,0,0,5,2024_1T.xlsx
811,Pais Vasco,86,38,13,7,5,3,2,0,18,2024_1T.xlsx
812,Araba/Álava,6,1,2,0,0,1,0,0,2,2024_1T.xlsx
813,Bizkaia,48,23,6,5,3,0,1,0,10,2024_1T.xlsx
814,Gipuzkoa,32,14,5,2,2,2,1,0,6,2024_1T.xlsx
815,La Rioja,8,3,0,0,1,2,0,0,2,2024_1T.xlsx
816,Ceuta y Melilla,2,0,0,1,0,0,0,0,1,2024_1T.xlsx
817,Ceuta,2,0,0,1,0,0,0,0,1,2024_1T.xlsx
818,Melilla,0,0,0,0,0,0,0,0,0,2024_1T.xlsx
819,Andalucía,148,58,20,8,11,13,6,0,32,2024_2T.xlsx
820,Almería,8,3,1,0,2,1,0,0,1,2024_2T.xlsx
821,Cádiz,24,10,5,2,2,1,0,0,4,2024_2T.xlsx
822,Córdoba,9,2,1,1,1,2,0,0,2,2024_2T.xlsx
823,Granada,25,7,4,2,1,2,2,0,7,2024_2T.xlsx
824,Huelva,8,4,0,0,0,0,0,0,4,2024_2T.xlsx
825,Jaén,5,3,1,0,0,0,0,0,1,2024_2T.xlsx
826,Málaga,35,17,5,2,3,2,2,0,4,2024_2T.xlsx
827,Sevilla,34,12,3,1,2,5,2,0,9,2024_2T.xlsx
828,Aragón,33,15,4,6,2,2,1,0,3,2024_2T.xlsx
829,Huesca,5,3,0,1,0,0,0,0,1,2024_2T.xlsx
830,Teruel,1,0,0,0,0,0,0,0,1,2024_2T.xlsx
831,Zaragoza,27,12,4,5,2,2,1,0,1,2024_2T.xlsx
832,Asturias,36,14,5,1,2,4,0,0,10,2024_2T.xlsx
833,"Balears, Illes",19,12,2,1,0,0,0,0,4,2024_2T.xlsx
834,Canarias,30,3,4,3,4,2,1,0,13,2024_2T.xlsx
835,Las Palmas de Gran Canaria,19,1,2,3,3,2,1,0,7,2024_2T.xlsx
836,Santa Cruz de Tenerife,11,2,2,0,1,0,0,0,6,2024_2T.xlsx
837,Cantabria,10,4,1,1,1,1,0,0,2,2024_2T.xlsx
838,Castilla y León,39,11,4,7,2,6,1,0,8,2024_2T.xlsx
839,Ávila,0,0,0,0,0,0,0,0,0,2024_2T.xlsx
840,Burgos,4,0,1,1,0,1,0,0,1,2024_2T.xlsx
841,León,10,4,1,3,1,0,1,0,0,2024_2T.xlsx
842,Palencia,2,1,0,0,0,1,0,0,0,2024_2T.xlsx
843,Salamanca,6,2,0,2,1,0,0,0,1,2024_2T.xlsx
844,Segovia,3,0,1,0,0,1,0,0,1,2024_2T.xlsx
845,Soria,1,0,0,0,0,1,0,0,0,2024_2T.xlsx
846,Valladolid,11,4,0,0,0,2,0,0,5,2024_2T.xlsx
847,Zamora,2,0,1,1,0,0,0,0,0,2024_2T.xlsx
848,Castilla-La Mancha,43,12,8,3,1,1,1,0,17,2024_2T.xlsx
849,Albacete,20,6,6,2,1,0,1,0,4,2024_2T.xlsx
850,Ciudad Real,8,1,1,1,0,0,0,0,5,2024_2T.xlsx
851,Cuenca,1,0,0,0,0,0,0,0,1,2024_2T.xlsx
852,Guadalajara,3,1,1,0,0,0,0,0,1,2024_2T.xlsx
853,Toledo,11,4,0,0,0,1,0,0,6,2024_2T.xlsx
854,Cataluña,382,153,56,50,23,16,3,1,80,2024_2T.xlsx
855,Barcelona,325,128,50,42,18,15,3,1,68,2024_2T.xlsx
856,Girona,16,5,4,2,2,1,0,0,2,2024_2T.xlsx
857,Lleida,18,11,1,3,2,0,0,0,1,2024_2T.xlsx
858,Tarragona,23,9,1,3,1,0,0,0,9,2024_2T.xlsx
859,Comunitat Valenciana,194,58,32,26,20,18,6,0,34,2024_2T.xlsx
860,Alicante,91,27,15,14,10,6,5,0,14,2024_2T.xlsx
861,Castellón,6,3,0,0,0,1,0,0,2,2024_2T.xlsx
862,Valencia,97,28,17,12,10,11,1,0,18,2024_2T.xlsx
863,Extremadura,15,6,2,1,1,0,0,0,5,2024_2T.xlsx
864,Badajoz,9,5,1,1,0,0,0,0,2,2024_2T.xlsx
865,Cáceres,6,1,1,0,1,0,0,0,3,2024_2T.xlsx
866,Galicia,69,30,7,11,5,4,1,1,10,2024_2T.xlsx
867,A Coruña,25,14,2,3,2,1,0,0,3,2024_2T.xlsx
868,Lugo,12,2,1,4,2,1,0,0,2,2024_2T.xlsx
869,Ourense,2,1,0,1,0,0,0,0,0,2024_2T.xlsx
870,Pontevedra,30,13,4,3,1,2,1,1,5,2024_2T.xlsx
871,Madrid,317,111,32,43,25,14,7,0,85,2024_2T.xlsx
872,Murcia,45,17,3,5,3,2,0,0,15,2024_2T.xlsx
873,Navarra,12,3,2,2,1,1,1,0,2,2024_2T.xlsx
874,Pais Vasco,73,23,16,6,2,8,2,0,16,2024_2T.xlsx
875,Araba/Álava,15,4,3,1,1,3,1,0,2,2024_2T.xlsx
876,Bizkaia,42,14,8,4,1,3,1,0,11,2024_2T.xlsx
877,Gipuzkoa,16,5,5,1,0,2,0,0,3,2024_2T.xlsx
878,La Rioja,6,1,0,1,1,0,0,0,3,2024_2T.xlsx
879,Ceuta y Melilla,3,2,0,1,0,0,0,0,0,2024_2T.xlsx
880,Ceuta,2,1,0,1,0,0,0,0,0,2024_2T.xlsx
881,Melilla,1,1,0,0,0,0,0,0,0,2024_2T.xlsx
882,Andalucía,155,60,18,14,21,9,1,0,32,2024_3T.xlsx
883,Almería,8,2,0,0,2,2,0,0,2,2024_3T.xlsx
884,Cádiz,19,8,2,2,1,0,0,0,6,2024_3T.xlsx
885,Córdoba,16,7,0,2,2,3,1,0,1,2024_3T.xlsx
886,Granada,13,4,0,2,4,0,0,0,3,2024_3T.xlsx
887,Huelva,9,2,3,1,0,1,0,0,2,2024_3T.xlsx
888,Jaén,12,4,2,0,4,0,0,0,2,2024_3T.xlsx
889,Málaga,24,8,3,1,4,1,0,0,7,2024_3T.xlsx
890,Sevilla,54,25,8,6,4,2,0,0,9,2024_3T.xlsx
891,Aragón,22,7,0,5,2,4,1,0,3,2024_3T.xlsx
892,Huesca,3,1,0,1,0,0,1,0,0,2024_3T.xlsx
893,Teruel,1,1,0,0,0,0,0,0,0,2024_3T.xlsx
894,Zaragoza,18,5,0,4,2,4,0,0,3,2024_3T.xlsx
895,Asturias,27,15,1,1,2,0,0,1,7,2024_3T.xlsx
896,"Balears, Illes",24,8,2,3,1,1,0,0,9,2024_3T.xlsx
897,Canarias,25,9,4,4,0,1,0,0,7,2024_3T.xlsx
898,Las Palmas de Gran Canaria,15,6,1,3,0,0,0,0,5,2024_3T.xlsx
899,Santa Cruz de Tenerife,10,3,3,1,0,1,0,0,2,2024_3T.xlsx
900,Cantabria,5,1,0,0,2,0,0,0,2,2024_3T.xlsx
901,Castilla y León,41,16,5,5,4,1,3,0,7,2024_3T.xlsx
902,Ávila,0,0,0,0,0,0,0,0,0,2024_3T.xlsx
903,Burgos,3,1,0,1,0,0,1,0,0,2024_3T.xlsx
904,León,9,4,0,2,1,1,0,0,1,2024_3T.xlsx
905,Palencia,2,2,0,0,0,0,0,0,0,2024_3T.xlsx
906,Salamanca,7,2,1,0,1,0,1,0,2,2024_3T.xlsx
907,Segovia,3,1,0,0,0,0,0,0,2,2024_3T.xlsx
908,Soria,2,1,0,1,0,0,0,0,0,2024_3T.xlsx
909,Valladolid,15,5,4,1,2,0,1,0,2,2024_3T.xlsx
910,Zamora,0,0,0,0,0,0,0,0,0,2024_3T.xlsx
911,Castilla-La Mancha,34,12,4,4,1,0,1,0,12,2024_3T.xlsx
912,Albacete,15,4,4,1,0,0,0,0,6,2024_3T.xlsx
913,Ciudad Real,5,1,0,2,0,0,1,0,1,2024_3T.xlsx
914,Cuenca,1,0,0,1,0,0,0,0,0,2024_3T.xlsx
915,Guadalajara,7,4,0,0,1,0,0,0,2,2024_3T.xlsx
916,Toledo,6,3,0,0,0,0,0,0,3,2024_3T.xlsx
917,Cataluña,297,104,35,39,28,12,4,0,75,2024_3T.xlsx
918,Barcelona,254,90,29,31,27,11,4,0,62,2024_3T.xlsx
919,Girona,25,9,4,3,0,0,0,0,9,2024_3T.xlsx
920,Lleida,7,3,1,2,0,1,0,0,0,2024_3T.xlsx
921,Tarragona,11,2,1,3,1,0,0,0,4,2024_3T.xlsx
922,Comunitat Valenciana,165,59,22,20,12,8,6,1,37,2024_3T.xlsx
923,Alicante,43,16,4,6,4,3,0,0,10,2024_3T.xlsx
924,Castellón,10,4,3,0,0,1,0,1,1,2024_3T.xlsx
925,Valencia,112,39,15,14,8,4,6,0,26,2024_3T.xlsx
926,Extremadura,20,7,3,2,2,0,0,0,6,2024_3T.xlsx
927,Badajoz,11,5,1,2,1,0,0,0,2,2024_3T.xlsx
928,Cáceres,9,2,2,0,1,0,0,0,4,2024_3T.xlsx
929,Galicia,71,33,12,14,2,1,1,0,8,2024_3T.xlsx
930,A Coruña,26,12,4,5,0,1,1,0,3,2024_3T.xlsx
931,Lugo,9,6,2,1,0,0,0,0,0,2024_3T.xlsx
932,Ourense,4,0,1,1,0,0,0,0,2,2024_3T.xlsx
933,Pontevedra,32,15,5,7,2,0,0,0,3,2024_3T.xlsx
934,Madrid,183,68,23,23,12,15,7,1,34,2024_3T.xlsx
935,Murcia,46,15,9,6,4,3,1,0,8,2024_3T.xlsx
936,Navarra,7,4,0,1,2,0,0,0,0,2024_3T.xlsx
937,Pais Vasco,62,32,11,8,3,2,2,0,4,2024_3T.xlsx
938,Araba/Álava,11,5,0,3,2,0,0,0,1,2024_3T.xlsx
939,Bizkaia,29,13,8,4,0,2,0,0,2,2024_3T.xlsx
940,Gipuzkoa,22,14,3,1,1,0,2,0,1,2024_3T.xlsx
941,La Rioja,5,1,1,0,0,0,0,0,3,2024_3T.xlsx
942,Ceuta y Melilla,3,3,0,0,0,0,0,0,0,2024_3T.xlsx
943,Ceuta,#REF!,#REF!,#REF!,#REF!,#REF!,#REF!,#REF!,#REF!,#REF!,2024_3T.xlsx
944,Melilla,#REF!,#REF!,#REF!,#REF!,#REF!,#REF!,#REF!,#REF!,#REF!,2024_3T.xlsx
945,Andalucía,166,81,15,18,9,9,3,1,30,2024_4T.xlsx
946,Almería,10,5,2,1,0,1,1,0,0,2024_4T.xlsx
947,Cádiz,25,11,3,2,0,1,0,0,8,2024_4T.xlsx
948,Córdoba,12,5,1,3,1,0,1,1,0,2024_4T.xlsx
949,Granada,10,6,1,2,0,1,0,0,0,2024_4T.xlsx
950,Huelva,4,3,0,0,0,0,0,0,1,2024_4T.xlsx
951,Jaén,8,3,1,0,2,1,0,0,1,2024_4T.xlsx
952,Málaga,41,22,2,3,2,2,1,0,9,2024_4T.xlsx
953,Sevilla,56,26,5,7,4,3,0,0,11,2024_4T.xlsx
954,Aragón,24,11,5,1,0,0,1,0,6,2024_4T.xlsx
955,Huesca,1,1,0,0,0,0,0,0,0,2024_4T.xlsx
956,Teruel,4,2,1,0,0,0,0,0,1,2024_4T.xlsx
957,Zaragoza,19,8,4,1,0,0,1,0,5,2024_4T.xlsx
958,Asturias,23,9,4,3,1,1,0,0,5,2024_4T.xlsx
959,"Balears, Illes",9,4,1,1,0,0,0,0,3,2024_4T.xlsx
960,Canarias,40,10,5,5,3,3,4,0,10,2024_4T.xlsx
961,Las Palmas de Gran Canaria,23,8,1,2,2,2,2,0,6,2024_4T.xlsx
962,Santa Cruz de Tenerife,17,2,4,3,1,1,2,0,4,2024_4T.xlsx
963,Cantabria,12,4,0,1,1,2,0,0,4,2024_4T.xlsx
964,Castilla y León,21,10,3,1,2,0,1,0,4,2024_4T.xlsx
965,Ávila,1,1,0,0,0,0,0,0,0,2024_4T.xlsx
966,Burgos,2,1,0,0,0,0,0,0,1,2024_4T.xlsx
967,León,7,3,1,0,1,0,0,0,2,2024_4T.xlsx
968,Palencia,2,1,0,0,1,0,0,0,0,2024_4T.xlsx
969,Salamanca,2,1,0,0,0,0,1,0,0,2024_4T.xlsx
970,Segovia,0,0,0,0,0,0,0,0,0,2024_4T.xlsx
971,Soria,0,0,0,0,0,0,0,0,0,2024_4T.xlsx
972,Valladolid,6,3,1,1,0,0,0,0,1,2024_4T.xlsx
973,Zamora,1,0,1,0,0,0,0,0,0,2024_4T.xlsx
974,Castilla-La Mancha,34,15,4,3,6,1,1,0,4,2024_4T.xlsx
975,Albacete,9,4,2,1,2,0,0,0,0,2024_4T.xlsx
976,Ciudad Real,8,6,0,1,1,0,0,0,0,2024_4T.xlsx
977,Cuenca,2,0,0,1,0,0,0,0,1,2024_4T.xlsx
978,Guadalajara,3,1,1,0,0,0,0,0,1,2024_4T.xlsx
979,Toledo,12,4,1,0,3,1,1,0,2,2024_4T.xlsx
980,Cataluña,351,119,47,47,24,27,5,0,82,2024_4T.xlsx
981,Barcelona,308,106,40,43,24,22,5,0,68,2024_4T.xlsx
982,Girona,16,4,4,0,0,2,0,0,6,2024_4T.xlsx
983,Lleida,12,3,2,1,0,2,0,0,4,2024_4T.xlsx
984,Tarragona,15,6,1,3,0,1,0,0,4,2024_4T.xlsx
985,Comunitat Valenciana,149,53,24,16,10,10,6,0,30,2024_4T.xlsx
986,Alicante,47,18,7,5,4,3,1,0,9,2024_4T.xlsx
987,Castellón,11,4,3,0,1,0,0,0,3,2024_4T.xlsx
988,Valencia,91,31,14,11,5,7,5,0,18,2024_4T.xlsx
989,Extremadura,19,9,4,4,1,0,0,0,1,2024_4T.xlsx
990,Badajoz,10,6,1,1,1,0,0,0,1,2024_4T.xlsx
991,Cáceres,9,3,3,3,0,0,0,0,0,2024_4T.xlsx
992,Galicia,63,24,11,8,6,4,2,0,8,2024_4T.xlsx
993,A Coruña,32,12,6,4,2,2,2,0,4,2024_4T.xlsx
994,Lugo,8,5,1,0,0,0,0,0,2,2024_4T.xlsx
995,Ourense,2,0,1,0,1,0,0,0,0,2024_4T.xlsx
996,Pontevedra,21,7,3,4,3,2,0,0,2,2024_4T.xlsx
997,Madrid,356,138,44,31,31,16,4,0,92,2024_4T.xlsx
998,Murcia,46,18,6,5,7,1,0,0,9,2024_4T.xlsx
999,Navarra,11,5,0,3,2,0,0,0,1,2024_4T.xlsx
1000,Pais Vasco,68,34,6,6,5,8,2,0,7,2024_4T.xlsx
1001,Araba/Álava,15,9,1,0,0,3,2,0,0,2024_4T.xlsx
1002,Bizkaia,34,13,5,5,4,2,0,0,5,2024_4T.xlsx
1003,Gipuzkoa,19,12,0,1,1,3,0,0,2,2024_4T.xlsx
1004,La Rioja,3,3,0,0,0,0,0,0,0,2024_4T.xlsx
1005,Ceuta y Melilla,2,0,0,0,0,0,0,0,2,2024_4T.xlsx
1006,Ceuta,2,0,0,0,0,0,0,0,2,2024_4T.xlsx
1007,Melilla,0,0,0,0,0,0,0,0,0,2024_4T.xlsx
1008,Andalucía,178,62,13,18,6,8,6,0,65,2025_1T.xlsx
1009,Almería,17,5,1,0,1,0,2,0,8,2025_1T.xlsx
1010,Cádiz,18,6,0,5,1,1,0,0,5,2025_1T.xlsx
1011,Córdoba,6,2,0,1,1,0,0,0,2,2025_1T.xlsx
1012,Granada,21,10,1,2,0,0,0,0,8,2025_1T.xlsx
1013,Huelva,6,1,2,0,0,1,0,0,2,2025_1T.xlsx
1014,Jaén,5,2,1,0,0,1,0,0,1,2025_1T.xlsx
1015,Málaga,42,12,4,8,0,2,2,0,14,2025_1T.xlsx
1016,Sevilla,63,24,4,2,3,3,2,0,25,2025_1T.xlsx
1017,Aragón,27,5,1,3,5,0,2,0,11,2025_1T.xlsx
1018,Huesca,6,0,0,0,1,0,1,0,4,2025_1T.xlsx
1019,Teruel,1,0,0,0,0,0,0,0,1,2025_1T.xlsx
1020,Zaragoza,20,5,1,3,4,0,1,0,6,2025_1T.xlsx
1021,Asturias,31,9,3,2,3,2,2,0,10,2025_1T.xlsx
1022,"Balears, Illes",39,11,1,1,1,0,0,0,25,2025_1T.xlsx
1023,Canarias,28,7,3,3,0,3,1,0,11,2025_1T.xlsx
1024,Las Palmas de Gran Canaria,16,2,3,1,0,1,1,0,8,2025_1T.xlsx
1025,Santa Cruz de Tenerife,12,5,0,2,0,2,0,0,3,2025_1T.xlsx
1026,Cantabria,10,1,2,0,2,2,0,0,3,2025_1T.xlsx
1027,Castilla y León,28,13,1,3,3,2,2,0,4,2025_1T.xlsx
1028,Ávila,1,1,0,0,0,0,0,0,0,2025_1T.xlsx
1029,Burgos,5,2,0,0,0,1,1,0,1,2025_1T.xlsx
1030,León,3,1,0,1,0,0,0,0,1,2025_1T.xlsx
1031,Palencia,1,0,0,0,0,0,0,0,1,2025_1T.xlsx
1032,Salamanca,6,3,0,0,1,1,1,0,0,2025_1T.xlsx
1033,Segovia,0,0,0,0,0,0,0,0,0,2025_1T.xlsx
1034,Soria,1,0,0,0,1,0,0,0,0,2025_1T.xlsx
1035,Valladolid,10,5,1,2,1,0,0,0,1,2025_1T.xlsx
1036,Zamora,1,1,0,0,0,0,0,0,0,2025_1T.xlsx
1037,Castilla-La Mancha,44,11,4,5,4,2,0,0,18,2025_1T.xlsx
1038,Albacete,12,4,1,1,2,0,0,0,4,2025_1T.xlsx
1039,Ciudad Real,19,5,2,2,0,2,0,0,8,2025_1T.xlsx
1040,Cuenca,2,1,1,0,0,0,0,0,0,2025_1T.xlsx
1041,Guadalajara,5,0,0,1,1,0,0,0,3,2025_1T.xlsx
1042,Toledo,6,1,0,1,1,0,0,0,3,2025_1T.xlsx
1043,Cataluña,450,145,33,48,35,16,3,0,170,2025_1T.xlsx
1044,Barcelona,386,132,28,37,31,14,3,0,141,2025_1T.xlsx
1045,Girona,15,5,1,2,1,0,0,0,6,2025_1T.xlsx
1046,Lleida,16,1,0,3,2,0,0,0,10,2025_1T.xlsx
1047,Tarragona,33,7,4,6,1,2,0,0,13,2025_1T.xlsx
1048,Comunitat Valenciana,206,59,24,25,22,13,6,0,57,2025_1T.xlsx
1049,Alicante,108,31,14,17,16,7,3,0,20,2025_1T.xlsx
1050,Castellón,14,4,0,1,2,1,0,0,6,2025_1T.xlsx
1051,Valencia,84,24,10,7,4,5,3,0,31,2025_1T.xlsx
1052,Extremadura,25,8,2,1,2,3,1,0,8,2025_1T.xlsx
1053,Badajoz,22,7,2,1,2,3,1,0,6,2025_1T.xlsx
1054,Cáceres,3,1,0,0,0,0,0,0,2,2025_1T.xlsx
1055,Galicia,56,24,5,9,6,0,1,0,11,2025_1T.xlsx
1056,A Coruña,23,11,1,2,2,0,1,0,6,2025_1T.xlsx
1057,Lugo,14,2,3,4,3,0,0,0,2,2025_1T.xlsx
1058,Ourense,4,3,1,0,0,0,0,0,0,2025_1T.xlsx
1059,Pontevedra,15,8,0,3,1,0,0,0,3,2025_1T.xlsx
1060,Madrid,375,114,33,43,24,14,6,0,141,2025_1T.xlsx
1061,Murcia,63,16,7,5,6,4,3,0,22,2025_1T.xlsx
1062,Navarra,17,5,3,2,0,3,0,0,4,2025_1T.xlsx
1063,Pais Vasco,82,32,7,14,8,5,2,0,14,2025_1T.xlsx
1064,Araba/Álava,13,5,2,3,1,0,0,0,2,2025_1T.xlsx
1065,Bizkaia,49,21,5,4,6,2,2,0,9,2025_1T.xlsx
1066,Gipuzkoa,20,6,0,7,1,3,0,0,3,2025_1T.xlsx
1067,La Rioja,5,0,0,0,1,2,0,0,2,2025_1T.xlsx
1068,Ceuta y Melilla,2,1,1,0,0,0,0,0,0,2025_1T.xlsx
1069,Ceuta,1,1,0,0,0,0,0,0,0,2025_1T.xlsx
1070,Melilla,1,0,1,0,0,0,0,0,0,2025_1T.xlsx
1071,Andalucía,137,47,17,15,9,7,4,0,38,2025_2T.xlsx
1072,Almería,18,2,2,3,3,2,0,0,6,2025_2T.xlsx
1073,Cádiz,13,9,0,1,1,0,0,0,2,2025_2T.xlsx
1074,Córdoba,11,2,4,2,0,1,1,0,1,2025_2T.xlsx
1075,Granada,14,3,2,3,1,0,0,0,5,2025_2T.xlsx
1076,Huelva,4,1,1,1,0,0,0,0,1,2025_2T.xlsx
1077,Jaén,4,1,0,0,0,0,0,0,3,2025_2T.xlsx
1078,Málaga,37,18,2,4,2,1,2,0,8,2025_2T.xlsx
1079,Sevilla,36,11,6,1,2,3,1,0,12,2025_2T.xlsx
1080,Aragón,24,5,3,3,2,1,2,0,8,2025_2T.xlsx
1081,Huesca,4,1,0,0,1,0,0,0,2,2025_2T.xlsx
1082,Teruel,2,1,0,0,0,1,0,0,0,2025_2T.xlsx
1083,Zaragoza,18,3,3,3,1,0,2,0,6,2025_2T.xlsx
1084,Asturias,20,2,3,5,2,0,0,0,8,2025_2T.xlsx
1085,"Balears, Illes",30,12,3,3,3,2,0,0,7,2025_2T.xlsx
1086,Canarias,23,9,1,4,1,2,0,0,6,2025_2T.xlsx
1087,Las Palmas de Gran Canaria,13,6,0,2,1,2,0,0,2,2025_2T.xlsx
1088,Santa Cruz de Tenerife,10,3,1,2,0,0,0,0,4,2025_2T.xlsx
1089,Cantabria,4,1,0,2,0,1,0,0,0,2025_2T.xlsx
1090,Castilla y León,28,9,3,4,3,2,0,0,7,2025_2T.xlsx
1091,Ávila,0,0,0,0,0,0,0,0,0,2025_2T.xlsx
1092,Burgos,5,3,0,2,0,0,0,0,0,2025_2T.xlsx
1093,León,4,0,1,2,0,0,0,0,1,2025_2T.xlsx
1094,Palencia,2,0,0,0,0,1,0,0,1,2025_2T.xlsx
1095,Salamanca,1,1,0,0,0,0,0,0,0,2025_2T.xlsx
1096,Segovia,4,0,0,0,0,1,0,0,3,2025_2T.xlsx
1097,Soria,1,1,0,0,0,0,0,0,0,2025_2T.xlsx
1098,Valladolid,5,2,1,0,0,0,0,0,2,2025_2T.xlsx
1099,Zamora,6,2,1,0,3,0,0,0,0,2025_2T.xlsx
1100,Castilla-La Mancha,48,14,6,7,1,2,2,0,16,2025_2T.xlsx
1101,Albacete,14,5,2,1,0,0,1,0,5,2025_2T.xlsx
1102,Ciudad Real,9,3,1,0,1,0,0,0,4,2025_2T.xlsx
1103,Cuenca,2,0,0,1,0,0,0,0,1,2025_2T.xlsx
1104,Guadalajara,7,2,2,1,0,0,0,0,2,2025_2T.xlsx
1105,Toledo,16,4,1,4,0,2,1,0,4,2025_2T.xlsx
1106,Cataluña,376,121,33,49,26,20,5,0,122,2025_2T.xlsx
1107,Barcelona,328,105,28,35,26,17,5,0,112,2025_2T.xlsx
1108,Girona,19,4,1,7,0,2,0,0,5,2025_2T.xlsx
1109,Lleida,13,7,2,2,0,1,0,0,1,2025_2T.xlsx
1110,Tarragona,16,5,2,5,0,0,0,0,4,2025_2T.xlsx
1111,Comunitat Valenciana,219,74,28,26,16,15,4,0,56,2025_2T.xlsx
1112,Alicante,104,35,16,15,8,7,1,0,22,2025_2T.xlsx
1113,Castellón,15,7,0,2,1,3,0,0,2,2025_2T.xlsx
1114,Valencia,100,32,12,9,7,5,3,0,32,2025_2T.xlsx
1115,Extremadura,15,7,0,2,1,1,0,0,4,2025_2T.xlsx
1116,Badajoz,11,6,0,0,1,1,0,0,3,2025_2T.xlsx
1117,Cáceres,4,1,0,2,0,0,0,0,1,2025_2T.xlsx
1118,Galicia,88,25,12,9,11,8,2,0,21,2025_2T.xlsx
1119,A Coruña,41,10,4,5,7,3,0,0,12,2025_2T.xlsx
1120,Lugo,8,4,0,1,1,0,1,0,1,2025_2T.xlsx
1121,Ourense,3,1,0,1,0,1,0,0,0,2025_2T.xlsx
1122,Pontevedra,36,10,8,2,3,4,1,0,8,2025_2T.xlsx
1123,Madrid,280,95,32,23,17,10,4,1,98,2025_2T.xlsx
1124,Murcia,41,14,5,4,5,3,3,0,7,2025_2T.xlsx
1125,Navarra,12,4,3,0,1,1,0,0,3,2025_2T.xlsx
1126,Pais Vasco,77,26,16,8,6,6,2,0,13,2025_2T.xlsx
1127,Araba/Álava,10,3,3,0,1,2,0,0,1,2025_2T.xlsx
1128,Bizkaia,42,11,10,6,4,1,0,0,10,2025_2T.xlsx
1129,Gipuzkoa,25,12,3,2,1,3,2,0,2,2025_2T.xlsx
1130,La Rioja,11,3,2,2,1,2,0,0,1,2025_2T.xlsx
1131,Ceuta y Melilla,2,1,0,0,0,0,0,0,1,2025_2T.xlsx
1132,Ceuta,2,1,0,0,0,0,0,0,1,2025_2T.xlsx
1133,Melilla,0,0,0,0,0,0,0,0,0,2025_2T.xlsx
